Datetime,Transect2,Transect5,Transect8
2019-01-01,201.5949024,192.392063,184.6759382
2019-01-02,201.6145969,192.396095,184.619206
2019-01-03,201.5684598,192.3855988,184.5355307
2019-01-04,201.4198794,192.348545,184.5924701
2019-01-05,201.222783,192.2969426,184.8245789
2019-01-06,201.0824154,192.2599038,184.9779341
2019-01-07,201.0844388,192.2563144,184.9625321
2019-01-08,201.095452,192.2553032,184.9415026
2019-01-09,201.0382228,192.2396733,185.0010287
2019-01-10,201.0328705,192.2371965,184.9809106
2019-01-11,201.0339193,192.23622,184.956415
2019-01-12,200.9886592,192.2235499,185.0048936
2019-01-13,201.0144366,192.228673,184.9531839
2019-01-14,201.0952862,192.2470244,184.8170502
2019-01-15,200.9628818,192.2109205,184.9583226
2019-01-16,200.6890619,192.1398508,185.2846208
2019-01-17,200.5106175,192.0930669,185.4900456
2019-01-18,200.362818,192.0538342,185.657972
2019-01-19,200.2731443,192.0295669,185.7519642
2019-01-20,200.2565194,192.0238658,185.7553768
2019-01-21,200.4072738,192.0606737,185.5476869
2019-01-22,200.544044,192.093529,185.3666681
2019-01-23,200.513445,192.084338,185.3967376
2019-01-24,200.4932856,192.0782189,185.4035471
2019-01-25,200.3964459,192.0512055,185.5154454
2019-01-26,200.2866682,192.020549,185.6509099
2019-01-27,200.2349128,192.0121719,185.3369582
2019-01-28,200.4307263,192.0651015,184.7014222
2019-01-29,200.5931953,192.1023443,184.4824917
2019-01-30,200.3738906,192.0450316,184.7390434
2019-01-31,200.0163667,191.9543022,185.1385927
2019-02-01,199.5134443,191.8244397,185.7275702
2019-02-02,198.9691371,191.6795666,186.4105496
2019-02-03,198.6045275,191.5796969,186.877669
2019-02-04,198.3976776,191.5223376,187.1294397
2019-02-05,198.2965641,191.4931981,187.2438628
2019-02-06,198.257909,191.4793979,187.2842415
2019-02-07,198.1016205,191.4351503,187.4700151
2019-02-08,197.8773354,191.3738897,187.7359452
2019-02-09,197.7960163,191.3490653,187.800503
2019-02-10,197.9189197,191.3767864,187.5881956
2019-02-11,198.011991,191.3977254,187.43583
2019-02-12,198.1888603,191.4378689,187.1898939
2019-02-13,198.310884,191.4981619,186.8091062
2019-02-14,198.1133342,191.4781374,186.8416011
2019-02-15,198.1894117,191.4927766,186.7287305
2019-02-16,198.5682549,191.5843029,186.2283266
2019-02-17,198.6439499,191.59887,186.1206273
2019-02-18,198.4213158,191.5385546,186.391967
2019-02-19,198.2110543,191.4822369,186.6323969
2019-02-20,197.9810911,191.4205324,186.8987205
2019-02-21,197.6562107,191.333987,187.2911024
2019-02-22,197.3508894,191.2534683,187.64871
2019-02-23,197.0388982,191.1701354,188.0085336
2019-02-24,196.5660985,191.0415622,188.576317
2019-02-25,196.1411266,190.9204341,189.1070051
2019-02-26,195.9226478,190.8507516,189.3943016
2019-02-27,195.8540239,190.8224072,189.473165
2019-02-28,195.8648443,190.8177428,189.4293008
2019-03-01,195.9760354,190.8372493,189.2518681
2019-03-02,196.052299,190.8484031,189.1307277
2019-03-03,195.9825565,190.8247538,189.2070574
2019-03-04,195.8014699,190.7701826,189.423074
2019-03-05,195.471194,190.7145362,189.6310707
2019-03-06,195.0349122,190.6343096,189.9474896
2019-03-07,194.7065222,190.5469066,190.2928201
2019-03-08,194.5926231,190.5145308,190.3908504
2019-03-09,194.5103727,190.4896003,190.4717724
2019-03-10,194.5371787,190.4912125,190.4055031
2019-03-11,194.6797641,190.5208364,190.1945723
2019-03-12,194.693758,190.5197391,190.1478289
2019-03-13,194.5254361,190.4733232,190.3315906
2019-03-14,194.3347802,190.4193824,190.555588
2019-03-15,194.2489217,190.3922559,190.6469529
2019-03-16,194.0972823,190.3460327,190.8187929
2019-03-17,193.7689505,190.2508155,191.2218693
2019-03-18,193.5980764,190.196414,191.4127052
2019-03-19,193.921808,190.2684846,190.9614738
2019-03-20,194.2645144,190.3533477,190.2342924
2019-03-21,194.3835789,190.3817163,189.7942632
2019-03-22,194.5548037,190.4146196,189.5454686
2019-03-23,194.7176269,190.4445709,189.3117156
2019-03-24,194.8811216,190.4760249,189.0703348
2019-03-25,195.1446598,190.5374986,188.6932627
2019-03-26,195.4093047,190.6004776,188.3218573
2019-03-27,195.568696,190.6341832,188.077812
2019-03-28,195.7770655,190.6798597,187.7709392
2019-03-29,195.8191238,190.6847302,187.6912557
2019-03-30,195.6739073,190.6438877,187.8496196
2019-03-31,195.8537471,190.685547,187.5981212
2019-04-01,196.2638065,190.7803421,187.052959
2019-04-02,196.5064568,190.8272218,186.7200345
2019-04-03,196.6821336,190.8587754,186.4813066
2019-04-04,196.837903,190.8850428,186.2728147
2019-04-05,196.781725,190.8587347,186.3362039
2019-04-06,196.6599663,190.8200215,186.4897807
2019-04-07,196.8404133,190.8549317,186.2605671
2019-04-08,197.2680038,190.9521784,185.7098835
2019-04-09,197.4160048,190.9833921,185.4981606
2019-04-10,197.246265,190.9364005,185.6712144
2019-04-11,197.2290875,190.9282239,185.6607975
2019-04-12,197.4066718,190.9689096,185.418314
2019-04-13,197.6719264,191.0507862,184.9682379
2019-04-14,198.0875926,191.1713424,184.3262592
2019-04-15,198.4030885,191.2464569,183.9106625
2019-04-16,198.4929824,191.2628676,183.7881399
2019-04-17,198.5114675,191.2624524,183.7621153
2019-04-18,198.4927319,191.2538141,183.7851121
2019-04-19,198.5366558,191.2592754,183.7195305
2019-04-20,198.6205173,191.2729302,183.5910033
2019-04-21,198.6498886,191.2743387,183.526464
2019-04-22,198.7100207,191.2841637,183.4232034
2019-04-23,198.8540902,191.3143118,183.2208375
2019-04-24,199.0349543,191.3542101,182.9785642
2019-04-25,199.2512547,191.4033583,182.6950081
2019-04-26,199.5293318,191.4694754,182.3365811
2019-04-27,199.8260979,191.5412178,181.9502785
2019-04-28,200.19767,191.6315997,181.468671
2019-04-29,200.6594742,191.7450717,180.8779796
2019-04-30,200.8042373,191.778217,180.6939302
2019-05-01,200.622979,191.7287277,180.9237242
2019-05-02,200.4811727,191.6898136,181.0998335
2019-05-03,200.4238587,191.6727692,181.1682604
2019-05-04,200.4173092,191.6670108,181.182417
2019-05-05,200.3644271,191.6501812,181.2376743
2019-05-06,200.2219273,191.6090741,181.4004857
2019-05-07,200.0484654,191.5540989,181.6433219
2019-05-08,200.161583,191.5724939,181.5181333
2019-05-09,200.5208582,191.6580946,181.0560242
2019-05-10,200.8036601,191.7267681,180.6939167
2019-05-11,200.9740906,191.76239,180.4822172
2019-05-12,200.9955439,191.7574913,180.465554
2019-05-13,201.0832559,191.7732743,180.3607309
2019-05-14,201.3096415,191.8257413,180.077243
2019-05-15,201.5620007,191.8861843,179.7606568
2019-05-16,201.9606668,191.9852915,179.2562268
2019-05-17,202.4951317,192.1189035,178.5811025
2019-05-18,202.9420621,192.2297748,178.0209979
2019-05-19,203.2879239,192.314872,177.5925667
2019-05-20,203.7264631,192.4244955,177.0451635
2019-05-21,204.2576431,192.5586492,176.3792291
2019-05-22,204.7653265,192.6869159,175.749038
2019-05-23,205.2305014,192.8036333,175.1833861
2019-05-24,205.6118579,192.8995358,174.7196673
2019-05-25,205.891306,192.9697263,174.3797206
2019-05-26,206.1913806,193.0458327,174.0131661
2019-05-27,206.5445369,193.1364563,173.5780303
2019-05-28,206.8370613,193.2107912,173.2252034
2019-05-29,207.0924079,193.2762434,172.9139233
2019-05-30,207.3190478,193.3323673,172.6652209
2019-05-31,207.5558697,193.3901099,172.4309088
2019-06-01,207.7070503,193.426941,172.2911631
2019-06-02,207.6691923,193.4140584,172.389981
2019-06-03,207.8460807,193.4579738,172.2131375
2019-06-04,207.6364449,193.3976334,172.5704594
2019-06-05,206.5307965,193.0960069,174.1483622
2019-06-06,205.731846,192.8772157,175.2948268
2019-06-07,205.551664,192.8297625,175.4509841
2019-06-08,205.7204466,192.8724852,175.1741572
2019-06-09,206.0943673,192.9667167,174.7457927
2019-06-10,206.4410776,193.0566065,174.3200109
2019-06-11,206.7935424,193.1479242,173.8892163
2019-06-12,207.1399319,193.2372592,173.4750718
2019-06-13,207.5614376,193.3464512,172.9706225
2019-06-14,207.9708776,193.4530586,172.4758859
2019-06-15,208.1828779,193.5086887,172.2254372
2019-06-16,208.4111756,193.5680462,171.9608111
2019-06-17,208.5657638,193.6084773,171.7930444
2019-06-18,208.4112357,193.5694874,172.0208272
2019-06-19,208.2566486,193.5296131,172.2631712
2019-06-20,208.2441643,193.5259762,172.3428263
2019-06-21,208.2366414,193.5247596,172.3987032
2019-06-22,208.0341047,193.4733559,172.684224
2019-06-23,207.7350029,193.3946755,173.1186132
2019-06-24,207.4835818,193.3275367,173.4962693
2019-06-25,207.2583102,193.268271,173.8265627
2019-06-26,207.0766088,193.2205106,174.0966351
2019-06-27,206.9503808,193.1872546,174.29122
2019-06-28,206.8974693,193.1735461,174.3811006
2019-06-29,206.814667,193.1532943,174.5005913
2019-06-30,206.6555121,193.1142495,174.7193257
2019-07-01,206.605877,193.1027321,174.8289903
2019-07-02,206.6376088,193.1099456,174.8526447
2019-07-03,206.6890478,193.1214908,174.851055
2019-07-04,206.6945238,193.1225557,174.8988203
2019-07-05,206.6088824,193.100468,175.0469224
2019-07-06,206.6117565,193.0997,175.1059278
2019-07-07,206.7420119,193.1306152,175.0178731
2019-07-08,206.964888,193.1864197,174.7937753
2019-07-09,207.3339256,193.2816038,174.3674669
2019-07-10,207.7739846,193.3953368,173.8546968
2019-07-11,208.1718548,193.4980172,173.3945182
2019-07-12,208.5057294,193.5850602,172.992715
2019-07-13,208.8066337,193.6639308,172.6236604
2019-07-14,209.2045101,193.7680687,172.1445041
2019-07-15,209.6381508,193.8819575,171.6355792
2019-07-16,209.9576468,193.9663026,171.290564
2019-07-17,210.3050618,194.0583469,170.905178
2019-07-18,210.7107512,194.1659614,170.434378
2019-07-19,211.0672082,194.2609918,170.0334425
2019-07-20,211.3595109,194.3393831,169.70978
2019-07-21,211.586009,194.4004488,169.4574561
2019-07-22,211.8305745,194.4664343,169.1751379
2019-07-23,212.1030826,194.5397643,168.8560646
2019-07-24,212.4070888,194.6213999,168.5026005
2019-07-25,212.628474,194.6829279,168.2551749
2019-07-26,212.7728511,194.7241622,168.1050396
2019-07-27,212.9342892,194.7688737,167.9336032
2019-07-28,213.0469971,194.8018265,167.8221746
2019-07-29,213.2037637,194.8455863,167.6563963
2019-07-30,213.2860803,194.8696016,167.5771143
2019-07-31,213.4155112,194.9086747,167.4701015
2019-08-01,213.620233,194.9679808,167.3145578
2019-08-02,213.8217519,195.0261027,167.1428772
2019-08-03,214.2176537,195.135188,166.7035254
2019-08-04,214.5938229,195.2386265,166.2952842
2019-08-05,214.957944,195.3392669,165.9131237
2019-08-06,215.4037912,195.4608757,165.4450786
2019-08-07,215.823416,195.5755225,164.9962048
2019-08-08,216.1774972,195.672259,164.5931554
2019-08-09,216.3954431,195.7308613,164.3378124
2019-08-10,216.5384691,195.7688244,164.1725992
2019-08-11,216.7795044,195.8336652,163.9019139
2019-08-12,216.8819178,195.8629064,163.843526
2019-08-13,216.7502944,195.8305165,164.1026656
2019-08-14,216.8977584,195.8731805,163.9960409
2019-08-15,217.3048331,195.9864098,163.5445936
2019-08-16,217.6411897,196.0803789,163.1750289
2019-08-17,217.9460474,196.1654053,162.8255265
2019-08-18,217.9270319,196.1685499,162.8709777
2019-08-19,217.6176531,196.0977449,163.2808837
2019-08-20,217.6557717,196.116039,163.2462949
2019-08-21,218.1321581,196.2490112,162.7205359
2019-08-22,218.2836521,196.2961011,162.6726087
2019-08-23,217.7379057,196.1580429,163.537364
2019-08-24,217.3400113,196.0571198,164.188537
2019-08-25,217.4227782,196.0830624,164.1710317
2019-08-26,217.4377504,196.0923573,164.204244
2019-08-27,217.262173,196.0507146,164.4544716
2019-08-28,217.1464688,196.0238853,164.6301384
2019-08-29,217.1166195,196.0188316,164.6898674
2019-08-30,216.8843442,195.963019,165.016569
2019-08-31,216.3932179,195.8403811,165.7024238
2019-09-01,216.0550623,195.7552636,166.2010828
2019-09-02,215.9257783,195.7247602,166.4104616
2019-09-03,215.8601789,195.7142174,166.5221477
2019-09-04,215.9326813,195.7386016,166.4913008
2019-09-05,216.0446898,195.7701494,166.4490302
2019-09-06,216.1756841,195.8093968,166.3546542
2019-09-07,216.4661182,195.8906409,166.0265502
2019-09-08,216.8524592,195.9953677,165.5761611
2019-09-09,216.9150638,196.0169837,165.5419581
2019-09-10,216.4985443,195.9143191,166.1247031
2019-09-11,216.0882122,195.8112888,166.7092941
2019-09-12,216.0129822,195.7926304,166.9056512
2019-09-13,216.1855359,195.8394533,166.7675929
2019-09-14,216.4576918,195.9152737,166.4573299
2019-09-15,216.6786152,195.9789935,166.2269237
2019-09-16,216.8163594,196.0203753,166.0858694
2019-09-17,216.3724869,195.909066,166.7156508
2019-09-18,215.1883219,195.6018231,168.3755101
2019-09-19,214.3944419,195.3954785,169.506769
2019-09-20,214.1084657,195.3243241,169.9191303
2019-09-21,213.7226092,195.2310929,170.4290004
2019-09-22,213.4103455,195.158978,170.8203651
2019-09-23,213.3757922,195.1571256,170.8643245
2019-09-24,213.5578492,195.2215113,170.5862053
2019-09-25,213.8273646,195.3087865,170.2014705
2019-09-26,214.0896153,195.3849125,169.8795603
2019-09-27,214.3994045,195.4727544,169.5059946
2019-09-28,214.6548308,195.5451501,169.2169654
2019-09-29,214.7525126,195.5779875,169.1253984
2019-09-30,214.8552644,195.6105137,169.0200379
2019-10-01,215.0079723,195.6552386,168.8532143
2019-10-02,215.1614543,195.7004778,168.705534
2019-10-03,215.4596271,195.7826515,168.3747033
2019-10-04,215.6435226,195.8345515,168.1684732
2019-10-05,215.5741311,195.8197268,168.2705965
2019-10-06,215.4902735,195.8015194,168.3904819
2019-10-07,215.3246294,195.7628954,168.6172983
2019-10-08,215.2636471,195.7527825,168.7037798
2019-10-09,215.2393535,195.7530972,168.7308126
2019-10-10,215.015371,195.6989318,169.0411629
2019-10-11,214.7547901,195.6320662,169.433945
2019-10-12,214.5563044,195.5807755,169.7465935
2019-10-13,214.3197153,195.5190772,170.112184
2019-10-14,214.1459954,195.4740033,170.3897399
2019-10-15,214.0726053,195.4569633,170.5151385
2019-10-16,214.0272641,195.4491853,170.5892583
2019-10-17,214.1535136,195.4868346,170.4425177
2019-10-18,214.4185693,195.5606499,170.1180813
2019-10-19,214.496168,195.595879,169.9715154
2019-10-20,214.3867165,195.5816457,170.0586259
2019-10-21,214.4355024,195.6019175,169.8994925
2019-10-22,214.7562332,195.6927489,169.40875
2019-10-23,214.9506998,195.7457601,169.1826121
2019-10-24,215.0198637,195.7670852,169.1146667
2019-10-25,215.0979519,195.7909984,169.0360377
2019-10-26,215.0563659,195.7838001,169.0972635
2019-10-27,215.1059403,195.8017827,169.0450674
2019-10-28,215.2633929,195.8468781,168.8661083
2019-10-29,215.5567596,195.924731,168.5329472
2019-10-30,215.7089753,195.9658313,168.3766132
2019-10-31,215.6382423,195.9499897,168.4806363
2019-11-01,215.4841156,195.914736,168.6814306
2019-11-02,214.9793245,195.7960272,169.2930195
2019-11-03,214.3800232,195.6563923,169.9990124
2019-11-04,214.1214542,195.5990162,170.2980443
2019-11-05,214.1174563,195.6037917,170.3007133
2019-11-06,214.1730985,195.6314299,170.1995055
2019-11-07,214.2924412,195.686857,169.9562611
2019-11-08,214.4241637,195.7384732,169.7255664
2019-11-09,214.5257214,195.7708295,169.5883842
2019-11-10,214.7086277,195.8240405,169.3581022
2019-11-11,214.970264,195.8969106,169.0506805
2019-11-12,214.9563951,195.8986392,169.082673
2019-11-13,214.7157603,195.8419442,169.3778947
2019-11-14,214.8035986,195.8690133,169.2699705
2019-11-15,215.1912282,195.9724914,168.8014015
2019-11-16,215.4280411,196.0368212,168.5234496
2019-11-17,215.4268232,196.0389282,168.5394324
2019-11-18,215.3659242,196.0251209,168.6263355
2019-11-19,215.2993202,196.0104591,168.7172197
2019-11-20,215.2398692,195.9975133,168.7961597
2019-11-21,215.1615406,195.9798589,168.9029752
2019-11-22,215.0120346,195.9457735,169.0945776
2019-11-23,214.9773938,195.9421557,169.1391049
2019-11-24,215.0268892,195.9585535,169.0839734
2019-11-25,215.013725,195.9569795,169.1110783
2019-11-26,214.9957043,195.9552017,169.135625
2019-11-27,214.9954104,195.9607671,169.1292477
2019-11-28,215.051533,195.9808999,169.0688364
2019-11-29,214.9787711,195.9659286,169.1814973
2019-11-30,214.7857231,195.9198549,169.432748
2019-12-01,214.756916,195.9169178,169.4663959
2019-12-02,214.9175037,195.9591316,169.3506871
2019-12-03,215.1334903,196.0131576,169.1779769
2019-12-04,215.4103681,196.0866976,168.8472472
2019-12-05,215.786534,196.188728,168.3769137
2019-12-06,216.2057877,196.3028147,167.8451744
2019-12-07,216.4054156,196.4150655,167.3405544
2019-12-08,216.586089,196.5220712,166.8751406
2019-12-09,216.7051841,196.5571293,166.7509184
2019-12-10,216.4849032,196.5051224,167.0352219
2019-12-11,216.3201462,196.4681131,167.2333655
2019-12-12,216.3072704,196.4690762,167.2524185
2019-12-13,216.3573941,196.4858754,167.205263
2019-12-14,216.3710194,196.4920183,167.1993384
2019-12-15,216.4761946,196.5215356,167.0852256
2019-12-16,216.5882808,196.5547054,166.8815596
2019-12-17,216.5482196,196.5482791,166.8636381
2019-12-18,216.4966475,196.5368004,166.9537382
2019-12-19,216.4097763,196.5163593,167.0844217
2019-12-20,216.318612,196.4948598,167.2103863
2019-12-21,216.146286,196.4530575,167.4368144
2019-12-22,215.8839686,196.3897369,167.7675593
2019-12-23,215.7067718,196.3467321,168.005431
2019-12-24,215.5272109,196.3013702,168.2654629
2019-12-25,215.3197328,196.2491033,168.553908
2019-12-26,215.1369109,196.2034128,168.8037445
2019-12-27,214.8959813,196.1428702,169.1274595
2019-12-28,214.5706011,196.0614868,169.5531489
2019-12-29,214.3065029,195.9962048,169.8933067
2019-12-30,214.0596155,195.9361026,170.201921
2019-12-31,213.5914358,195.8226028,170.7623359
2020-01-01,213.2149823,195.7321633,171.2024265
2020-01-02,213.2979842,195.7563582,171.0912765
2020-01-03,213.5686586,195.8280555,170.761187
2020-01-04,213.603131,195.8387519,170.7277961
2020-01-05,213.3904267,195.7858918,170.9962156
2020-01-06,213.068358,195.7038763,171.4093634
2020-01-07,212.7862032,195.6306498,171.7843276
2020-01-08,212.6436293,195.5938813,171.9737403
2020-01-09,212.6497075,195.5953433,171.9674692
2020-01-10,212.5974948,195.5817889,172.0363087
2020-01-11,212.3008171,195.5069035,172.4045581
2020-01-12,212.3973372,195.532815,172.2737599
2020-01-13,212.9231143,195.6677447,171.6113029
2020-01-14,213.0467895,195.6980648,171.4731672
2020-01-15,212.8879737,195.6554035,171.6954978
2020-01-16,212.81534,195.6361748,171.795031
2020-01-17,212.7239799,195.6136852,171.903365
2020-01-18,212.6133885,195.5870636,172.0250529
2020-01-19,212.5008966,195.5594358,172.1530827
2020-01-20,212.3230863,195.5152092,172.3652652
2020-01-21,212.1754182,195.4795494,172.5308331
2020-01-22,212.1580038,195.4761154,172.5372145
2020-01-23,212.0913541,195.459609,172.6084822
2020-01-24,211.9384206,195.4225884,172.7761139
2020-01-25,211.8414851,195.3985738,172.8867752
2020-01-26,211.7755064,195.3810018,172.9732544
2020-01-27,211.7118402,195.3647128,173.0496925
2020-01-28,211.6722957,195.3547341,173.0933205
2020-01-29,211.6778171,195.3562097,173.0757142
2020-01-30,211.7663123,195.4216132,172.7410483
2020-01-31,211.7221075,195.4531455,172.578547
2020-02-01,211.4005775,195.3720426,172.9675509
2020-02-02,211.1724233,195.3148067,173.2358558
2020-02-03,211.0151285,195.2751269,173.4095791
2020-02-04,210.718822,195.1994221,173.7502991
2020-02-05,210.8185532,195.2226677,173.6187532
2020-02-06,211.2304908,195.3224384,173.1243099
2020-02-07,211.114599,195.2895172,173.276576
2020-02-08,210.4531729,195.121758,174.0823902
2020-02-09,209.1163279,194.778071,175.7582746
2020-02-10,207.3049893,194.3079983,178.0600708
2020-02-11,206.2744895,194.0387273,179.3607709
2020-02-12,206.0025645,193.9664726,179.6847706
2020-02-13,205.8529517,193.9275599,179.8426571
2020-02-14,205.6989183,193.8864453,180.0062635
2020-02-15,205.4309324,193.8082878,180.3646047
2020-02-16,205.2567877,193.7527793,180.6175975
2020-02-17,205.2419734,193.7433273,180.629802
2020-02-18,205.2139242,193.7302796,180.6588644
2020-02-19,205.1825602,193.7152463,180.7033377
2020-02-20,205.2581801,193.7280933,180.58687
2020-02-21,205.3538222,193.7452995,180.4212798
2020-02-22,205.4152316,193.7534874,180.3036018
2020-02-23,205.5114359,193.7713945,180.1541434
2020-02-24,205.6874299,193.8116906,179.9027744
2020-02-25,205.7935159,193.8363628,179.7477035
2020-02-26,205.6033982,193.7866008,179.9653603
2020-02-27,205.3338326,193.7172212,180.2662206
2020-02-28,205.237441,193.6914135,180.3605993
2020-02-29,205.220747,193.6875712,180.2159886
2020-03-01,205.1806339,193.67728,180.1092905
2020-03-02,205.0411208,193.6389626,180.277855
2020-03-03,204.8914715,193.5983936,180.443954
2020-03-04,204.7702171,193.5643591,180.582295
2020-03-05,204.49584,193.4898187,180.9234703
2020-03-06,204.1811231,193.4061118,181.2942376
2020-03-07,203.9663617,193.3485523,181.5269199
2020-03-08,203.8666322,193.3187194,181.6235364
2020-03-09,203.8662612,193.309424,181.6244008
2020-03-10,203.8505297,193.2927703,181.6690229
2020-03-11,203.8744504,193.2856428,181.6506269
2020-03-12,203.9804586,193.3005306,181.5036625
2020-03-13,204.0236113,193.3051652,181.4335325
2020-03-14,203.897735,193.269408,181.5774953
2020-03-15,203.6054745,193.190052,181.9177024
2020-03-16,203.2863599,193.1031187,182.2935383
2020-03-17,203.0426708,193.0348522,182.5821893
2020-03-18,202.924013,192.9972174,182.7244007
2020-03-19,202.9705219,192.9966849,182.6657959
2020-03-20,203.1490652,193.0289622,182.4230438
2020-03-21,203.2422486,193.0527422,181.9113225
2020-03-22,203.4683975,193.1108874,181.2285065
2020-03-23,203.7859424,193.1761408,180.8227952
2020-03-24,203.9389442,193.1958329,180.6471333
2020-03-25,204.1289949,193.23144,180.3962211
2020-03-26,204.1714539,193.2362523,180.3166884
2020-03-27,204.0491727,193.2009687,180.4572157
2020-03-28,203.9317706,193.1657129,180.6014287
2020-03-29,203.7663165,193.1186968,180.8029972
2020-03-30,203.648977,193.0852159,180.9387082
2020-03-31,203.7193086,193.0995622,180.8320886
2020-04-01,203.7203476,193.0960859,180.8172717
2020-04-02,203.6047137,193.0633179,180.9561081
2020-04-03,203.5338629,193.0417908,181.0356248
2020-04-04,203.5780028,193.0459404,180.9736696
2020-04-05,203.7988405,193.0948982,180.6879273
2020-04-06,204.0412381,193.1525643,180.3583546
2020-04-07,204.2870205,193.2457733,179.8236881
2020-04-08,204.71929,193.3854966,179.0565058
2020-04-09,205.0326654,193.4589878,178.6349173
2020-04-10,205.0481218,193.4582545,178.6021118
2020-04-11,205.1322721,193.4771837,178.4891346
2020-04-12,205.4163961,193.5444463,178.1154504
2020-04-13,205.721885,193.6116713,177.7155526
2020-04-14,206.0927755,193.6964573,177.2336698
2020-04-15,206.5249472,193.8044006,176.5546056
2020-04-16,206.925053,193.9020587,175.9497193
2020-04-17,207.3615611,194.0035196,175.4328302
2020-04-18,207.7782578,194.1031539,174.9157502
2020-04-19,208.1667249,194.1976574,174.4264108
2020-04-20,208.5195792,194.283957,173.9831368
2020-04-21,208.8269494,194.360399,173.594364
2020-04-22,209.1154499,194.4326983,173.2315704
2020-04-23,209.3054622,194.4798359,172.9954861
2020-04-24,209.4633629,194.5189991,172.7984859
2020-04-25,209.595982,194.5517935,172.6319803
2020-04-26,209.6354722,194.5606057,172.5833976
2020-04-27,209.7627692,194.5918589,172.4251935
2020-04-28,209.8150914,194.6038797,172.3648204
2020-04-29,209.6928571,194.57143,172.5247375
2020-04-30,209.6065479,194.5493456,172.6266751
2020-05-01,209.6984745,194.573136,172.4960716
2020-05-02,209.83908,194.6070195,172.3143025
2020-05-03,210.0118245,194.6461951,172.1067037
2020-05-04,210.1034005,194.6637616,172.0081432
2020-05-05,210.0715285,194.6498652,172.0637071
2020-05-06,210.1735855,194.6704243,171.9523407
2020-05-07,210.3802784,194.719488,171.7068878
2020-05-08,210.6384832,194.7835844,171.3891174
2020-05-09,211.0201681,194.8804052,170.9107368
2020-05-10,211.4728137,195.004093,170.2972459
2020-05-11,211.8401123,195.1063987,169.7880798
2020-05-12,212.124704,195.1789081,169.4324663
2020-05-13,212.4176154,195.252639,169.0808328
2020-05-14,212.7123191,195.3267047,168.7325193
2020-05-15,212.7933284,195.3463906,168.6446677
2020-05-16,212.746088,195.3325794,168.7255112
2020-05-17,212.7065442,195.3194212,168.8131804
2020-05-18,212.650419,195.3025477,168.9141635
2020-05-19,212.6265861,195.2947601,168.9663234
2020-05-20,212.6044457,195.2877093,169.0127124
2020-05-21,212.6864657,195.3085784,168.9172321
2020-05-22,212.7127325,195.3126438,168.9108516
2020-05-23,212.4318693,195.2326954,169.3308651
2020-05-24,211.9347902,195.0956994,170.029155
2020-05-25,211.0962162,194.8674897,171.1790518
2020-05-26,210.0727589,194.5879394,172.5944304
2020-05-27,209.3747703,194.3951569,173.5766294
2020-05-28,209.1436688,194.3293441,173.9114413
2020-05-29,209.1649915,194.3333539,173.8440755
2020-05-30,209.2654047,194.3574486,173.6759519
2020-05-31,209.3327375,194.3725597,173.6000767
2020-06-01,209.5076534,194.4166835,173.3780486
2020-06-02,209.7688992,194.4798215,173.089837
2020-06-03,209.8213435,194.4881246,173.0738054
2020-06-04,209.6359321,194.4361205,173.3237341
2020-06-05,209.4169451,194.3735343,173.6319649
2020-06-06,209.3588946,194.3523945,173.739216
2020-06-07,209.4544997,194.3727845,173.6366442
2020-06-08,209.5212644,194.3883759,173.5551895
2020-06-09,209.4547589,194.3700781,173.6456584
2020-06-10,209.2951029,194.3274305,173.8609538
2020-06-11,209.1093463,194.2786024,174.1039892
2020-06-12,209.0451713,194.2616116,174.1792065
2020-06-13,209.0403092,194.2599472,174.1770672
2020-06-14,209.0902119,194.2721432,174.1084341
2020-06-15,209.2264477,194.3069743,173.9242493
2020-06-16,209.4253445,194.3580296,173.6635554
2020-06-17,209.5956169,194.4013607,173.4428858
2020-06-18,209.6684488,194.4188398,173.3455415
2020-06-19,209.739449,194.4346111,173.2622337
2020-06-20,209.8212652,194.451695,173.1826366
2020-06-21,209.9121072,194.471624,173.0830484
2020-06-22,210.0730985,194.5138325,172.8573953
2020-06-23,210.3018637,194.5744438,172.5433008
2020-06-24,210.5434298,194.6358543,172.2406156
2020-06-25,210.730052,194.6813655,172.0231144
2020-06-26,210.770715,194.6872745,172.0063134
2020-06-27,210.713221,194.6664582,172.1291283
2020-06-28,210.7737074,194.6758451,172.1045013
2020-06-29,210.8886017,194.6987963,172.0089287
2020-06-30,210.9076541,194.6979362,172.02779
2020-07-01,210.9677429,194.7091214,171.9853806
2020-07-02,211.1549182,194.75438,171.7729004
2020-07-03,211.4496685,194.8294563,171.4118402
2020-07-04,211.7624833,194.9095698,171.0279564
2020-07-05,212.0237032,194.976048,170.7125291
2020-07-06,212.2237547,195.026279,170.4776859
2020-07-07,212.2982891,195.0451376,170.3874575
2020-07-08,212.3229551,195.0506108,170.3654811
2020-07-09,212.3934207,195.0654845,170.3146912
2020-07-10,212.515226,195.0938075,170.1997066
2020-07-11,212.6497444,195.1284668,170.0437951
2020-07-12,212.8691392,195.1897077,169.7579973
2020-07-13,212.5621139,195.105418,170.2210001
2020-07-14,211.5032829,194.8118827,171.7407939
2020-07-15,209.6283465,194.2893917,174.4232515
2020-07-16,207.7579706,193.7669177,177.0820945
2020-07-17,206.7278573,193.4778681,178.5384259
2020-07-18,206.022286,193.2750122,179.5788689
2020-07-19,205.7139223,193.1802343,180.0771479
2020-07-20,205.7754921,193.1884249,180.0431882
2020-07-21,206.0611882,193.2579901,179.6875405
2020-07-22,206.3716471,193.3341297,179.28482
2020-07-23,206.6348796,193.3982691,178.9483389
2020-07-24,206.8828013,193.4604203,178.6355116
2020-07-25,207.1838878,193.5371294,178.2539608
2020-07-26,207.115686,193.5206166,178.3324796
2020-07-27,206.389683,193.3349613,179.2453778
2020-07-28,205.7174129,193.1583654,180.1185321
2020-07-29,205.4898931,193.0954804,180.4237388
2020-07-30,205.3787155,193.06574,180.5509533
2020-07-31,205.2221516,193.0235168,180.7409781
2020-08-01,205.1339122,192.9974571,180.8592767
2020-08-02,205.168916,193.0006789,180.8331376
2020-08-03,205.3282822,193.0355665,180.6505233
2020-08-04,205.5795182,193.0957874,180.3474887
2020-08-05,205.8711279,193.1671006,179.9915305
2020-08-06,206.1984321,193.2492308,179.5811149
2020-08-07,206.3115633,193.2760985,179.4416617
2020-08-08,205.9758982,193.1868036,179.8804248
2020-08-09,205.2565909,192.9944525,180.8357643
2020-08-10,204.0100845,192.6535884,182.5421143
2020-08-11,202.853417,192.3323009,184.1582176
2020-08-12,202.4770619,192.2226725,184.7077376
2020-08-13,202.5357063,192.2314764,184.6515896
2020-08-14,202.7402965,192.2798232,184.393674
2020-08-15,202.9621916,192.3345328,184.1058309
2020-08-16,203.1905351,192.4030948,183.749585
2020-08-17,203.468692,192.4847898,183.3310848
2020-08-18,203.6916378,192.5370557,183.0639444
2020-08-19,203.8584797,192.571019,182.8941996
2020-08-20,204.108196,192.6300211,182.5989572
2020-08-21,204.4452149,192.7158708,182.1668774
2020-08-22,204.8105579,192.8094028,181.6981371
2020-08-23,205.1839994,192.9047488,181.2231623
2020-08-24,205.4214651,192.9621027,180.9362386
2020-08-25,205.4618194,192.9673612,180.9075021
2020-08-26,205.5238601,192.9799605,180.8417476
2020-08-27,205.7244103,193.0297265,180.5916497
2020-08-28,206.0548725,193.1140822,180.1750044
2020-08-29,206.4401067,193.2130861,179.6864799
2020-08-30,206.7045928,193.2811053,179.3541388
2020-08-31,206.8587533,193.3219645,179.1439846
2020-09-01,206.9743178,193.3533311,178.9744261
2020-09-02,207.1207788,193.391166,178.7917812
2020-09-03,207.2456645,193.4234424,178.6430723
2020-09-04,207.3536266,193.4516997,178.5121386
2020-09-05,207.5296564,193.49752,178.2943857
2020-09-06,207.6885832,193.5386685,178.1015995
2020-09-07,207.7297346,193.5491888,178.0603623
2020-09-08,207.6692882,193.5339034,178.1439285
2020-09-09,207.630183,193.524656,178.1942952
2020-09-10,207.5061424,193.4936444,178.3522233
2020-09-11,207.2620501,193.4306796,178.6739757
2020-09-12,207.1245553,193.3944148,178.8630504
2020-09-13,207.1115278,193.3907198,178.8862927
2020-09-14,207.1975042,193.4132107,178.7782941
2020-09-15,207.3463326,193.452133,178.5904904
2020-09-16,207.3785044,193.4609481,178.5528377
2020-09-17,207.2741207,193.4355671,178.6777772
2020-09-18,207.1306929,193.4010428,178.8425021
2020-09-19,206.9018026,193.3433614,179.1278717
2020-09-20,206.5697565,193.2589219,179.5476063
2020-09-21,206.3497493,193.2044818,179.8111932
2020-09-22,206.2936536,193.1919985,179.8639514
2020-09-23,206.3889652,193.2176313,179.7298672
2020-09-24,206.5962561,193.2710589,179.4641037
2020-09-25,206.8069212,193.3249636,179.2000431
2020-09-26,207.0236635,193.3805697,178.9290599
2020-09-27,207.2900644,193.4505687,178.5819228
2020-09-28,207.6472706,193.543463,178.1265582
2020-09-29,208.0655525,193.6501915,177.6162804
2020-09-30,208.4151417,193.7378257,177.2171181
2020-10-01,208.5750697,193.7746485,177.0870425
2020-10-02,208.7982267,193.8291146,176.864444
2020-10-03,208.9425531,193.8655717,176.7099052
2020-10-04,208.7413337,193.8153999,176.9659346
2020-10-05,208.5012392,193.7568328,177.255813
2020-10-06,208.3912145,193.7310841,177.3807227
2020-10-07,208.3925906,193.7330325,177.3808404
2020-10-08,208.4099233,193.73781,177.375566
2020-10-09,208.4930279,193.7592059,177.2861296
2020-10-10,208.7159641,193.8171805,177.0133523
2020-10-11,208.9850933,193.886925,176.6799101
2020-10-12,209.1737145,193.9354937,176.4571212
2020-10-13,209.2994817,193.9677324,176.3200657
2020-10-14,209.3464937,193.9800254,176.274426
2020-10-15,209.2060901,193.9439581,176.4640006
2020-10-16,209.0637009,193.9070424,176.6596266
2020-10-17,209.0140579,193.8943279,176.731514
2020-10-18,208.9209289,193.8710961,176.8520212
2020-10-19,208.8798163,193.8618396,176.8992171
2020-10-20,208.9890441,193.8910547,176.7565151
2020-10-21,209.0207046,193.8994406,176.7221207
2020-10-22,208.9173724,193.8727307,176.8628351
2020-10-23,208.7306181,193.8252057,177.1043413
2020-10-24,208.5289532,193.77492,177.3550007
2020-10-25,208.1932188,193.6902687,177.7662033
2020-10-26,207.1221138,193.4073245,179.1690604
2020-10-27,205.7713045,193.0412893,181.0036662
2020-10-28,205.0741172,192.8470308,181.9760837
2020-10-29,204.8648063,192.7857967,182.2729093
2020-10-30,204.7931852,192.7627659,182.3791083
2020-10-31,204.8048024,192.7629732,182.3658422
2020-11-01,204.6014239,192.7089446,182.607824
2020-11-02,204.0813651,192.5717874,183.2524045
2020-11-03,203.7172529,192.4715098,183.7269453
2020-11-04,203.6469942,192.4463024,183.8464776
2020-11-05,203.4168669,192.3836183,184.1278304
2020-11-06,202.9234465,192.2549282,184.7114681
2020-11-07,202.5882096,192.1653005,185.1165205
2020-11-08,202.4425306,192.1268831,185.2605095
2020-11-09,202.4195733,192.1185885,185.2479329
2020-11-10,202.5160231,192.136742,185.1175895
2020-11-11,202.5356174,192.1392685,185.0722174
2020-11-12,202.2841444,192.0738721,185.3736014
2020-11-13,202.0021098,191.9996326,185.7154161
2020-11-14,202.0451483,192.0086696,185.635846
2020-11-15,202.139177,192.0304276,185.5049541
2020-11-16,202.1761408,192.0379207,185.4452253
2020-11-17,202.2284074,192.0485706,185.3527189
2020-11-18,202.1932506,192.037566,185.3784371
2020-11-19,202.1009995,192.0121617,185.4918082
2020-11-20,202.0107733,191.9873141,185.5994868
2020-11-21,202.0163037,191.9871543,185.5718491
2020-11-22,202.1312451,192.014342,185.4081388
2020-11-23,202.2261283,192.036859,185.2674175
2020-11-24,202.2890875,192.052443,185.144557
2020-11-25,202.3332254,192.0608937,185.054422
2020-11-26,202.3470145,192.0585187,185.0352443
2020-11-27,202.3630096,192.0554979,185.0241538
2020-11-28,202.3830279,192.0546518,185.0046354
2020-11-29,202.2288522,192.012486,185.1817434
2020-11-30,201.9130306,191.9287537,185.5461084
2020-12-01,201.7404842,191.8810723,185.7432126
2020-12-02,201.6168658,191.8475179,185.8788518
2020-12-03,201.4553785,191.8043396,186.0665042
2020-12-04,201.6779737,191.8555741,185.7629853
2020-12-05,201.9480288,191.919443,185.398353
2020-12-06,202.0428093,191.940748,185.274716
2020-12-07,202.2822839,191.9980955,184.9734609
2020-12-08,202.4468682,192.0372592,184.7522409
2020-12-09,202.6122739,192.0774864,184.5081126
2020-12-10,202.6471917,192.0846857,184.4353144
2020-12-11,202.3743605,192.0131173,184.7603991
2020-12-12,202.1329151,191.9492271,185.0506057
2020-12-13,201.9756702,191.9060628,185.2432172
2020-12-14,201.7632133,191.8497371,185.4922634
2020-12-15,201.4728235,191.7771437,185.8007242
2020-12-16,201.1343833,191.6924248,186.1602272
2020-12-17,200.827735,191.6144647,186.4919009
2020-12-18,200.6558064,191.5713618,186.6547762
2020-12-19,200.6634792,191.5737056,186.5711235
2020-12-20,200.6782593,191.5756423,186.5011053
2020-12-21,200.5860777,191.5478251,186.6163641
2020-12-22,200.5627123,191.5375999,186.611057
2020-12-23,200.5828846,191.5388322,186.5425846
2020-12-24,200.5513919,191.5259133,186.5740583
2020-12-25,200.6256958,191.5398095,186.4150495
2020-12-26,200.6664187,191.546781,186.2962042
2020-12-27,200.5516815,191.5148159,186.4352441
2020-12-28,200.4944518,191.4964975,186.4882176
2020-12-29,200.4646667,191.485326,186.4990721
2020-12-30,200.3733323,191.4593031,186.6003117
2020-12-31,200.2982794,191.4375641,186.6867925
2021-01-01,200.2451608,191.4212941,186.7460412
2021-01-02,200.1403583,191.3916124,186.8666471
2021-01-03,199.9336107,191.3360902,187.105865
2021-01-04,199.7437591,191.2845557,187.3206309
2021-01-05,199.7419236,191.2807636,187.2856912
2021-01-06,199.7669141,191.284671,187.2114776
2021-01-07,199.5949457,191.2388864,187.3853107
2021-01-08,199.3451516,191.1714273,187.660383
2021-01-09,199.2006758,191.1289135,187.8238073
2021-01-10,199.2117626,191.1245756,187.7920989
2021-01-11,199.2986252,191.1388334,187.6589115
2021-01-12,199.3089134,191.136486,187.6291545
2021-01-13,199.2342946,191.1148789,187.7107823
2021-01-14,199.1483109,191.0904899,187.8015654
2021-01-15,199.1153178,191.0787742,187.8109836
2021-01-16,199.2327168,191.104529,187.6242116
2021-01-17,199.5226356,191.1738958,187.2144397
2021-01-18,199.9033483,191.2663392,186.6994358
2021-01-19,200.3683454,191.3752932,186.091044
2021-01-20,200.7202315,191.4439234,185.6469789
2021-01-21,200.8111228,191.4460084,185.5632661
2021-01-22,200.8760712,191.4421768,185.5361573
2021-01-23,201.1128308,191.4859278,185.2656975
2021-01-24,201.2699618,191.5302066,184.6484113
2021-01-25,201.0811385,191.4893444,184.4576498
2021-01-26,200.7608579,191.4072468,184.813129
2021-01-27,200.5222392,191.3435207,185.1206761
2021-01-28,200.1572667,191.2440427,185.6090901
2021-01-29,199.4333314,191.0513459,186.5128471
2021-01-30,198.7325441,190.8644622,187.3860135
2021-01-31,198.4588204,190.7889107,187.7137638
2021-02-01,198.3720079,190.76211,187.8093945
2021-02-02,198.261436,190.7304101,187.9196963
2021-02-03,198.1734301,190.7046391,187.9844156
2021-02-04,198.1125776,190.6842074,188.0254958
2021-02-05,197.8115426,190.6026383,188.3733997
2021-02-06,197.3520847,190.4817546,188.9111236
2021-02-07,197.132978,190.4216227,189.1460909
2021-02-08,197.051764,190.3954314,189.2150539
2021-02-09,197.0942922,190.3990149,189.1254999
2021-02-10,197.218052,190.4213681,188.9298637
2021-02-11,197.2658717,190.4253063,188.8321854
2021-02-12,197.4124055,190.45114,188.6225981
2021-02-13,197.6837733,190.5048128,188.2588361
2021-02-14,197.707312,190.5015112,188.1912894
2021-02-15,197.4752545,190.4360321,188.4500114
2021-02-16,197.1764877,190.3501836,188.8118373
2021-02-17,196.8660371,190.259993,189.2013726
2021-02-18,196.4730329,190.1461231,189.7076934
2021-02-19,196.0075276,190.0126789,190.3079442
2021-02-20,195.7545599,189.9369363,190.626009
2021-02-21,195.6725038,189.9086875,190.7089806
2021-02-22,195.501113,189.8576738,190.8904147
2021-02-23,195.2615488,189.7873799,191.1507614
2021-02-24,195.0947092,189.736201,191.3180709
2021-02-25,194.9667042,189.6960978,191.4463826
2021-02-26,194.9069818,189.6737766,191.4776256
2021-02-27,195.0246248,189.6967775,191.2682739
2021-02-28,195.2670069,189.7514579,190.9150179
2021-03-01,195.5204329,189.8086099,190.5585062
2021-03-02,195.8552455,189.8846837,190.0855231
2021-03-03,196.2354967,189.9702334,189.5312765
2021-03-04,196.5636298,190.0439177,189.050238
2021-03-05,196.9917274,190.1431065,188.4593629
2021-03-06,197.3572485,190.2149331,187.967484
2021-03-07,197.4656844,190.2305935,187.7247506
2021-03-08,197.6536366,190.275758,187.361407
2021-03-09,197.8967799,190.3290649,187.0018408
2021-03-10,197.9905895,190.3472366,186.8293608
2021-03-11,198.0336212,190.3520257,186.748841
2021-03-12,197.9571554,190.3276554,186.8301171
2021-03-13,197.7755059,190.277846,187.0280421
2021-03-14,197.587441,190.2265422,187.226491
2021-03-15,197.4338098,190.1835013,187.3765678
2021-03-16,197.3348224,190.1538801,187.4764317
2021-03-17,196.9975857,190.0594174,187.9013852
2021-03-18,196.2280928,189.8482104,188.8856569
2021-03-19,195.3867827,189.618321,189.9495328
2021-03-20,194.3878632,189.3498491,191.1820408
2021-03-21,193.1093282,189.0096894,192.7457132
2021-03-22,192.2158399,188.7701139,193.8205062
2021-03-23,191.6372216,188.6129726,194.4892863
2021-03-24,191.0574508,188.4568324,195.1335424
2021-03-25,190.8109781,188.3866573,195.3584168
2021-03-26,190.8496726,188.3849151,195.2373318
2021-03-27,190.9927288,188.4077341,194.9915492
2021-03-28,191.2414194,188.4599051,194.622537
2021-03-29,191.4930182,188.5140739,194.2504077
2021-03-30,191.5702873,188.5265416,194.0961501
2021-03-31,191.500603,188.5026903,194.1361519
2021-04-01,191.5213636,188.4990567,194.0663508
2021-04-02,191.6815541,188.5301527,193.8250049
2021-04-03,191.8897165,188.5749859,193.5314061
2021-04-04,192.1332103,188.6292193,193.1925024
2021-04-05,192.4039742,188.6899905,192.8196622
2021-04-06,192.6742609,188.7503916,192.44503
2021-04-07,192.8912388,188.7972346,192.128892
2021-04-08,193.0315724,188.8246876,191.8977013
2021-04-09,193.0570154,188.8253518,191.8083577
2021-04-10,193.0494654,188.8164796,191.7565275
2021-04-11,193.2089368,188.8497942,191.5183759
2021-04-12,193.527435,188.9221132,191.0821882
2021-04-13,193.890772,189.0002058,190.565176
2021-04-14,194.2500856,189.0788178,190.0733327
2021-04-15,194.631429,189.1670863,189.5700466
2021-04-16,194.9513947,189.2517701,188.9184501
2021-04-17,195.4022658,189.3700349,188.0950371
2021-04-18,196.0128218,189.5194584,187.298164
2021-04-19,196.3848392,189.6089197,186.813726
2021-04-20,196.6067187,189.6603369,186.5256202
2021-04-21,196.8613525,189.7208077,186.1930092
2021-04-22,197.092398,189.7758049,185.8818416
2021-04-23,197.3177026,189.8294745,185.5841043
2021-04-24,197.711166,189.9262494,185.0811078
2021-04-25,198.1188463,190.0273032,184.5563186
2021-04-26,198.4067057,190.0979514,184.1831194
2021-04-27,198.7071554,190.1714482,183.7962308
2021-04-28,198.9931306,190.2412598,183.4299597
2021-04-29,199.2753688,190.3104406,183.0708719
2021-04-30,199.5697164,190.3830659,182.6968715
2021-05-01,199.8532858,190.4529556,182.3376128
2021-05-02,200.0712953,190.5055194,182.067168
2021-05-03,200.2410586,190.5457005,181.8588731
2021-05-04,200.4134267,190.5865617,181.6473226
2021-05-05,200.5472968,190.6176701,181.4825714
2021-05-06,200.3404756,190.5589311,181.7703021
2021-05-07,199.6165774,190.3605173,182.770496
2021-05-08,198.9546121,190.1753279,183.708712
2021-05-09,198.7954532,190.1214431,183.9770988
2021-05-10,198.9396555,190.1486665,183.8304311
2021-05-11,199.1988072,190.2092414,183.5186603
2021-05-12,199.4230412,190.2616044,183.242211
2021-05-13,199.4494187,190.2632426,183.2180283
2021-05-14,199.4470474,190.2563613,183.2435005
2021-05-15,199.5284428,190.2695594,183.1503108
2021-05-16,199.6608092,190.2973143,182.9654553
2021-05-17,199.872998,190.3477119,182.6848466
2021-05-18,200.3019721,190.4542649,182.140161
2021-05-19,200.9176089,190.6083992,181.3618497
2021-05-20,201.4524699,190.7421805,180.6950914
2021-05-21,201.893557,190.8520572,180.1545431
2021-05-22,202.1799922,190.9461807,179.6847832
2021-05-23,202.2905147,190.9958693,179.4346616
2021-05-24,202.3104003,190.9982366,179.4306975
2021-05-25,202.2498002,190.9782406,179.544164
2021-05-26,202.2688671,190.9757267,179.5765311
2021-05-27,202.1854963,190.9454227,179.7429298
2021-05-28,201.9069569,190.8639591,180.1563627
2021-05-29,201.2462796,190.6766175,181.105263
2021-05-30,200.3171198,190.4144083,182.4257534
2021-05-31,199.6931576,190.2323992,183.3221377
2021-06-01,199.4294928,190.149643,183.7151454
2021-06-02,199.4953965,190.1570609,183.6653007
2021-06-03,199.7369994,190.2135589,183.3773986
2021-06-04,199.9826979,190.2743598,183.0619691
2021-06-05,200.1300122,190.3090098,182.859383
2021-06-06,200.3812963,190.3702213,182.537453
2021-06-07,200.7266044,190.4566252,182.1089745
2021-06-08,200.9454603,190.5104592,181.846349
2021-06-09,201.1452792,190.5584984,181.6134271
2021-06-10,201.2809068,190.5921017,181.4383034
2021-06-11,201.3414483,190.6070841,181.3516448
2021-06-12,201.5302779,190.653617,181.1224238
2021-06-13,201.8634517,190.7380613,180.7113268
2021-06-14,202.2480547,190.8356971,180.2386993
2021-06-15,202.5515795,190.9130038,179.8651641
2021-06-16,202.7585859,190.9656724,179.6160872
2021-06-17,203.0075761,191.0284642,179.3246391
2021-06-18,203.0475223,191.0359137,179.3077437
2021-06-19,202.6846261,190.9359666,179.8224902
2021-06-20,201.9429202,190.7334185,180.8499944
2021-06-21,201.2943125,190.5551704,181.7561144
2021-06-22,201.0840122,190.4938504,182.0758131
2021-06-23,201.0659765,190.4820463,182.1491882
2021-06-24,201.159599,190.5012346,182.0641558
2021-06-25,201.3224164,190.5415213,181.8699329
2021-06-26,201.5430667,190.5969979,181.6025241
2021-06-27,201.805282,190.6722911,181.2415492
2021-06-28,202.2088417,190.7837282,180.7097343
2021-06-29,202.4171592,190.8362186,180.4683174
2021-06-30,202.6229796,190.8874391,180.2532338
2021-07-01,202.9237889,190.9596216,179.9684812
2021-07-02,202.7179349,190.9041081,180.2915769
2021-07-03,202.3822412,190.8205587,180.7145982
2021-07-04,202.2246089,190.7822289,180.9114173
2021-07-05,202.0677427,190.7431609,181.1166516
2021-07-06,201.9571947,190.7152361,181.2662566
2021-07-07,202.0017199,190.7260133,181.2242057
2021-07-08,202.1649332,190.7664237,181.0404884
2021-07-09,202.2655883,190.7940413,180.9051431
2021-07-10,202.0178109,190.7295396,181.2294272
2021-07-11,201.385308,190.5551056,182.1374699
2021-07-12,200.9617035,190.4346819,182.7761581
2021-07-13,200.9363973,190.4210683,182.8626477
2021-07-14,201.1440668,190.4683531,182.6578247
2021-07-15,201.5273703,190.5645226,182.2123401
2021-07-16,201.919321,190.6649949,181.729033
2021-07-17,202.2702393,190.7553537,181.2912803
2021-07-18,202.5958658,190.8392857,180.8882885
2021-07-19,202.9371908,190.9267532,180.4743284
2021-07-20,203.425711,191.0523162,179.8835009
2021-07-21,203.7306321,191.1298938,179.5284004
2021-07-22,203.6412287,191.1051922,179.666187
2021-07-23,203.6657566,191.1107936,179.6564126
2021-07-24,203.8770215,191.1652904,179.4084865
2021-07-25,204.1032997,191.2237555,179.1360172
2021-07-26,204.3413351,191.2855517,178.8445577
2021-07-27,204.6145115,191.3567597,178.5121528
2021-07-28,204.8676799,191.4226648,178.2140432
2021-07-29,205.080632,191.4779367,177.970436
2021-07-30,205.2445059,191.5206253,177.7817015
2021-07-31,205.3383937,191.5452804,177.6916928
2021-08-01,205.3664443,191.5542801,177.6767255
2021-08-02,205.2855744,191.5359599,177.7803224
2021-08-03,205.2234431,191.5052337,177.9481744
2021-08-04,205.386926,191.5427422,177.7927183
2021-08-05,205.6723145,191.6280537,177.4242557
2021-08-06,205.9146864,191.6918596,177.1757103
2021-08-07,206.2363826,191.7756999,176.8164893
2021-08-08,206.5640149,191.8621297,176.4389947
2021-08-09,206.6619134,191.8897533,176.3477146
2021-08-10,206.6590459,191.8899247,176.3947979
2021-08-11,206.6587769,191.9006276,176.3949344
2021-08-12,206.7095114,191.9255576,176.3144395
2021-08-13,206.8981208,191.9753719,176.1064879
2021-08-14,207.1157,192.0316805,175.8632067
2021-08-15,207.327173,192.0929981,175.4958558
2021-08-16,207.4867923,192.1410176,175.2058203
2021-08-17,207.7379748,192.2084895,174.9409003
2021-08-18,208.0695335,192.2987932,174.5821047
2021-08-19,208.3430569,192.3734163,174.2986601
2021-08-20,208.5765692,192.4368994,174.0504123
2021-08-21,208.8250786,192.5037612,173.771809
2021-08-22,208.988266,192.5487145,173.5911278
2021-08-23,208.9550886,192.5430992,173.6581843
2021-08-24,208.8780513,192.5280611,173.7691606
2021-08-25,208.7691022,192.5057475,173.9217308
2021-08-26,208.5894899,192.4617976,174.2035091
2021-08-27,208.4133334,192.4171669,174.4939371
2021-08-28,208.2722761,192.380876,174.7394503
2021-08-29,208.1132737,192.3387388,175.0140723
2021-08-30,208.0843224,192.3311704,175.1252473
2021-08-31,208.2237268,192.3691286,175.0050615
2021-09-01,208.4699293,192.4355007,174.7329799
2021-09-02,208.523453,192.4514723,174.7090428
2021-09-03,208.1446923,192.3588048,175.2132478
2021-09-04,207.7010077,192.2522416,175.7783915
2021-09-05,207.5732528,192.2265518,175.9451618
2021-09-06,207.5200997,192.2171201,176.0411705
2021-09-07,207.2913102,192.1590725,176.3842384
2021-09-08,207.2287431,192.1451058,176.5276926
2021-09-09,207.420574,192.1969127,176.3621713
2021-09-10,207.7149152,192.2747877,176.0520198
2021-09-11,208.050832,192.3644054,175.6691686
2021-09-12,208.297618,192.4323904,175.3854686
2021-09-13,208.4446145,192.4735515,175.2299442
2021-09-14,208.4333202,192.4729525,175.2714423
2021-09-15,208.1926028,192.4150931,175.5820358
2021-09-16,207.9295178,192.3496645,175.9409181
2021-09-17,207.7433727,192.3008589,176.2345953
2021-09-18,207.7123547,192.2934359,176.3468
2021-09-19,207.8648976,192.3376226,176.1500671
2021-09-20,207.8518666,192.338374,176.1299201
2021-09-21,207.6930945,192.3064859,176.304461
2021-09-22,207.525899,192.2756059,176.429814
2021-09-23,207.4960998,192.2724223,176.4241921
2021-09-24,207.7152996,192.3347297,176.0641412
2021-09-25,207.8240591,192.3690501,175.8398322
2021-09-26,207.7083065,192.3416922,176.0008509
2021-09-27,207.5606084,192.3052829,176.2037463
2021-09-28,207.4223706,192.2706396,176.3979127
2021-09-29,207.2625917,192.2320262,176.6123539
2021-09-30,207.1047001,192.19594,176.8087213
2021-10-01,206.9644456,192.1649292,176.9797681
2021-10-02,206.8788111,192.147274,177.0854445
2021-10-03,206.8415182,192.1408687,177.1375206
2021-10-04,206.8344389,192.1417955,177.1648295
2021-10-05,206.9431432,192.1724424,177.0522928
2021-10-06,207.1787239,192.2350981,176.7810305
2021-10-07,207.2703827,192.2600006,176.6807325
2021-10-08,207.1257307,192.2244651,176.8689888
2021-10-09,206.9895546,192.1907216,177.0545238
2021-10-10,207.0075457,192.1969347,177.0386679
2021-10-11,207.0187149,192.202439,177.0228563
2021-10-12,206.9427937,192.1842816,177.1258408
2021-10-13,206.7800556,192.1434607,177.3467205
2021-10-14,206.3699731,192.0425512,177.8625533
2021-10-15,205.9247532,191.9356039,178.3961567
2021-10-16,205.8803377,191.9293175,178.4352742
2021-10-17,206.214344,192.0171886,178.0235754
2021-10-18,206.6330257,192.12635,177.5149201
2021-10-19,206.8743599,192.1926386,177.2034386
2021-10-20,206.9182446,192.2096128,177.1243138
2021-10-21,206.8856138,192.2034748,177.1717885
2021-10-22,206.7698077,192.1724459,177.3548712
2021-10-23,206.6847101,192.1487823,177.5020605
2021-10-24,206.7293623,192.1586764,177.4929793
2021-10-25,206.753408,192.1631191,177.5133333
2021-10-26,206.7579225,192.1634751,177.5438201
2021-10-27,206.8643796,192.1911051,177.4398047
2021-10-28,207.0127709,192.2298876,177.2779224
2021-10-29,207.2006589,192.2790796,177.0587922
2021-10-30,207.5583555,192.3727413,176.6254928
2021-10-31,207.9569437,192.4768995,176.1623901
2021-11-01,208.2690951,192.559176,175.8103222
2021-11-02,208.5507697,192.6341102,175.4825636
2021-11-03,208.6207569,192.6534831,175.4175816
2021-11-04,208.5058353,192.625203,175.5779233
2021-11-05,208.5408563,192.6346054,175.5778024
2021-11-06,208.5947786,192.6470739,175.5781648
2021-11-07,208.4901105,192.6218932,175.6638464
2021-11-08,208.5358018,192.6371287,175.5381561
2021-11-09,208.7278339,192.6883516,175.3141165
2021-11-10,208.8463754,192.7210476,175.1845624
2021-11-11,208.8452156,192.722568,175.20391
2021-11-12,208.746137,192.6984452,175.3432075
2021-11-13,208.7508202,192.7020654,175.3495686
2021-11-14,208.9358893,192.7521008,175.1279765
2021-11-15,209.1990361,192.821368,174.8076169
2021-11-16,209.5503421,192.9137037,174.3837847
2021-11-17,209.9087174,193.0088026,173.9617078
2021-11-18,210.1815411,193.0830307,173.6505842
2021-11-19,210.2794825,193.1117425,173.5481352
2021-11-20,210.3086622,193.1211132,173.5194741
2021-11-21,210.2176904,193.0992977,173.6542475
2021-11-22,209.7930603,192.9915252,174.2340724
2021-11-23,209.4100695,192.8935236,174.7696908
2021-11-24,209.2268615,192.846964,175.0409066
2021-11-25,209.1240269,192.8222049,175.1911664
2021-11-26,208.8758864,192.7611072,175.5124113
2021-11-27,208.2018288,192.5874821,176.3969877
2021-11-28,207.4819966,192.3968963,177.3788226
2021-11-29,207.14562,192.3054695,177.8646631
2021-11-30,207.1151909,192.2962828,177.9366302
2021-12-01,207.2017335,192.3187698,177.8518563
2021-12-02,207.2639159,192.3353169,177.7944711
2021-12-03,207.3057851,192.3471376,177.7581819
2021-12-04,207.2970384,192.3470694,177.7680351
2021-12-05,207.1534956,192.3127019,177.9407763
2021-12-06,207.0237479,192.2803284,178.1110938
2021-12-07,206.957784,192.2633008,178.2103141
2021-12-08,206.9102833,192.2515168,178.2809538
2021-12-09,206.9290792,192.2569037,178.2685453
2021-12-10,206.9492777,192.2632116,178.2462511
2021-12-11,206.7466495,192.2111495,178.5066548
2021-12-12,206.2868152,192.0891924,179.1225834
2021-12-13,205.910183,191.9874825,179.6407573
2021-12-14,205.7826598,191.9516552,179.8277454
2021-12-15,205.8289125,191.9617596,179.7898463
2021-12-16,205.9015879,191.9800064,179.7091411
2021-12-17,205.9246058,191.9859896,179.6860216
2021-12-18,205.8772923,191.9739979,179.7529421
2021-12-19,205.7954063,191.9545087,179.8512603
2021-12-20,205.855022,191.9715785,179.7685937
2021-12-21,206.008621,192.0120601,179.5749774
2021-12-22,206.1100703,192.0391176,179.4497715
2021-12-23,206.0494324,192.0244785,179.5304341
2021-12-24,205.9658467,192.0023854,179.6477174
2021-12-25,206.0616962,192.0504909,179.4159501
2021-12-26,206.1062011,192.0867342,179.2412769
2021-12-27,205.8116148,192.0108589,179.623628
2021-12-28,205.3038134,191.878578,180.2874031
2021-12-29,205.0434058,191.8105418,180.628681
2021-12-30,205.1054955,191.8260924,180.5538852
2021-12-31,205.1153866,191.8280302,180.5489191
2022-01-01,204.980304,191.7935406,180.7220569
2022-01-02,204.7935883,191.7468972,180.9496791
2022-01-03,204.6340543,191.7089944,181.1250826
2022-01-04,204.4826974,191.673862,181.2859452
2022-01-05,204.3273592,191.6359033,181.4673712
2022-01-06,204.0938218,191.5762069,181.7595611
2022-01-07,203.5268572,191.4326154,182.4575491
2022-01-08,202.9319202,191.2838537,183.1666932
2022-01-09,202.8045621,191.2525885,183.2988819
2022-01-10,202.9560535,191.2904867,183.0972298
2022-01-11,203.0873578,191.3227926,182.9209183
2022-01-12,203.2258699,191.3570841,182.7321246
2022-01-13,203.2796459,191.3698201,182.6539911
2022-01-14,203.0922395,191.3206491,182.887328
2022-01-15,202.8256662,191.2522809,183.2146746
2022-01-16,202.8891688,191.2671519,183.1247957
2022-01-17,203.1846956,191.3365122,182.7698625
2022-01-18,203.4070469,191.3851918,182.522196
2022-01-19,203.2483765,191.3395117,182.7291806
2022-01-20,202.6722316,191.1864807,183.4637037
2022-01-21,202.2037313,191.0593818,184.0784099
2022-01-22,201.9970759,191.0018819,184.3514118
2022-01-23,201.9007554,190.9744823,184.4753064
2022-01-24,201.8561283,190.9600269,184.5331655
2022-01-25,201.799931,190.9405282,184.6186014
2022-01-26,201.7633909,190.9235405,184.6960571
2022-01-27,201.7436645,190.9123164,184.742535
2022-01-28,201.5782376,190.8666422,184.9583728
2022-01-29,201.3499893,190.8057151,185.2472626
2022-01-30,201.2287847,190.7725191,185.3960119
2022-01-31,201.2562422,190.7759273,185.3552215
2022-02-01,201.2991575,190.7813915,185.3062432
2022-02-02,201.2447161,190.7608049,185.3947986
2022-02-03,201.0194,190.6979014,185.6762221
2022-02-04,200.4676024,190.54989,186.3640023
2022-02-05,199.6051344,190.3140413,187.4952184
2022-02-06,198.6752165,190.0575613,188.730619
2022-02-07,197.9390767,189.8526626,189.7028635
2022-02-08,197.4838634,189.7180949,190.3298174
2022-02-09,197.266129,189.6450177,190.6554271
2022-02-10,197.2848701,189.6367198,190.644429
2022-02-11,197.299857,189.6341316,190.594596
2022-02-12,197.0426863,189.5640679,190.881976
2022-02-13,196.6438168,189.4507548,191.3893753
2022-02-14,196.3932482,189.3736427,191.7226295
2022-02-15,196.3448757,189.3536014,191.762231
2022-02-16,196.333424,189.3469158,191.7404131
2022-02-17,196.3633894,189.3501753,191.6750274
2022-02-18,196.320033,189.3353423,191.7015146
2022-02-19,196.0989714,189.2764378,191.9548463
2022-02-20,195.8955085,189.2210089,192.1922929
2022-02-21,195.7785596,189.1879277,192.3183103
2022-02-22,195.704284,189.1657923,192.386213
2022-02-23,195.606351,189.1364667,192.4936617
2022-02-24,195.4459073,189.0903826,192.6844205
2022-02-25,195.2997669,189.0481563,192.8483932
2022-02-26,195.2086212,189.0207944,192.9354524
2022-02-27,195.0933458,188.9867618,193.0529315
2022-02-28,194.8928483,188.9297424,193.277623
2022-03-01,194.5472326,188.8360357,193.6685253
2022-03-02,193.7272915,188.615127,194.6700607
2022-03-03,192.2707448,188.2137597,196.5673144
2022-03-04,190.949077,187.8396477,198.3357397
2022-03-05,190.4165686,187.6793559,199.0455494
2022-03-06,190.3106822,187.6373278,199.1693576
2022-03-07,190.1804156,187.5906026,199.3067285
2022-03-08,189.969996,187.5257175,199.5352275
2022-03-09,189.6171816,187.4202659,199.9525047
2022-03-10,189.0603899,187.2547732,200.6448968
2022-03-11,188.7286041,187.1511145,201.0514311
2022-03-12,188.7066531,187.1327014,201.0506417
2022-03-13,188.8133585,187.1433016,200.8737333
2022-03-14,188.8933996,187.1511793,200.692959
2022-03-15,188.7931951,187.1180041,200.757349
2022-03-16,188.6436038,187.0683469,200.936559
2022-03-17,188.5158523,187.0233955,201.0900208
2022-03-18,188.4766423,187.0014111,201.1156846
2022-03-19,188.4813392,186.9931068,201.0647694
2022-03-20,188.4713689,186.9808886,201.0287471
2022-03-21,188.4565721,186.9647555,201.0132433
2022-03-22,188.4303908,186.9461567,201.0243688
2022-03-23,188.372009,186.9203649,201.0706863
2022-03-24,188.3618782,186.9071827,201.0205436
2022-03-25,188.3812931,186.9045214,200.9431058
2022-03-26,188.3406975,186.8896444,200.977495
2022-03-27,188.2858052,186.8704306,201.0242019
2022-03-28,188.204169,186.8436841,201.0984888
2022-03-29,188.1542726,186.8249962,201.1134251
2022-03-30,188.0602487,186.7921492,201.1885099
2022-03-31,187.5801244,186.6563576,201.7443399
2022-04-01,186.2967681,186.2946151,203.3575579
2022-04-02,184.6589065,185.8234239,205.489635
2022-04-03,183.91052,185.5972551,206.4541178
2022-04-04,184.0844924,185.6289592,206.1959601
2022-04-05,184.3898726,185.6996503,205.7614877
2022-04-06,184.4942177,185.7213348,205.5945652
2022-04-07,184.6613054,185.7438557,205.3142381
2022-04-08,184.3575428,185.6387755,205.6325973
2022-04-09,183.569498,185.4208981,206.6045547
2022-04-10,183.195684,185.3117938,207.0422728
2022-04-11,183.0582322,185.2649595,207.1723705
2022-04-12,183.066251,185.2511175,207.0728742
2022-04-13,183.3114799,185.295214,206.6534939
2022-04-14,183.6338705,185.3591705,206.1609651
2022-04-15,183.9171322,185.4127294,205.7241415
2022-04-16,184.2099952,185.4723676,205.2843346
2022-04-17,184.4881788,185.5298655,204.8688895
2022-04-18,184.6974713,185.5681234,204.5426525
2022-04-19,184.8217291,185.5831721,204.3249536
2022-04-20,184.9340401,185.5952947,204.1154151
2022-04-21,185.1493926,185.6370467,203.7684863
2022-04-22,185.2308945,185.6497719,203.6114484
2022-04-23,185.1392217,185.6208018,203.7023407
2022-04-24,185.3126972,185.655054,203.4404847
2022-04-25,185.7298038,185.7479954,202.8496371
2022-04-26,186.1284745,185.8369997,202.2859474
2022-04-27,186.2910466,185.9149226,201.5726461
2022-04-28,186.2185487,185.9362042,201.1744984
2022-04-29,186.1364352,185.9091177,201.2537888
2022-04-30,186.0919061,185.8916679,201.2771021
2022-05-01,186.1834104,185.908308,201.1096399
2022-05-02,186.4431572,185.9665097,200.7223226
2022-05-03,186.7592407,186.0374538,200.2647299
2022-05-04,187.0682943,186.1050544,199.816341
2022-05-05,187.3923702,186.1774041,199.3542898
2022-05-06,187.7066203,186.2488665,198.901822
2022-05-07,188.011455,186.3184065,198.4644533
2022-05-08,188.3468888,186.3968888,197.9927447
2022-05-09,188.7109766,186.4828014,197.4822999
2022-05-10,188.9536454,186.5363631,197.1126615
2022-05-11,188.8843059,186.5103571,197.1639958
2022-05-12,188.5257012,186.4116502,197.5961352
2022-05-13,188.0566571,186.2871794,198.1248403
2022-05-14,187.8125855,186.2220816,198.3540216
2022-05-15,187.8689017,186.2317018,198.2075604
2022-05-16,188.0882519,186.2811136,197.8737243
2022-05-17,188.3956022,186.3536272,197.456874
2022-05-18,188.6758645,186.4208639,197.0892356
2022-05-19,189.0413831,186.5097553,196.6248569
2022-05-20,189.4709169,186.61252,196.0578031
2022-05-21,189.699161,186.6590729,195.7358897
2022-05-22,189.809448,186.6739044,195.5754256
2022-05-23,190.1398831,186.7457749,195.133834
2022-05-24,190.6151398,186.8526228,194.516047
2022-05-25,191.0367587,186.9475719,193.9628756
2022-05-26,191.5720047,187.0746197,193.259614
2022-05-27,192.0132601,187.2305668,192.4030144
2022-05-28,192.1180279,187.3037139,191.9770453
2022-05-29,192.1677787,187.3121085,191.8853771
2022-05-30,192.3216614,187.3450462,191.6510622
2022-05-31,192.6136663,187.4131389,191.2584069
2022-06-01,192.8814055,187.5219888,190.6750827
2022-06-02,193.1746917,187.637179,190.0548031
2022-06-03,193.4877044,187.7059961,189.6680883
2022-06-04,193.7557692,187.7606336,189.3646757
2022-06-05,194.1162482,187.8458368,188.919343
2022-06-06,194.47221,187.9352198,188.4599945
2022-06-07,194.8300961,188.0403007,187.9298146
2022-06-08,195.236547,188.156949,187.3411273
2022-06-09,195.6736659,188.2658761,186.7877546
2022-06-10,196.1571154,188.3864186,186.1776404
2022-06-11,196.6692192,188.514509,185.5340086
2022-06-12,197.0289836,188.5969556,185.129991
2022-06-13,197.0869783,188.5972194,185.1461298
2022-06-14,197.0882256,188.5838926,185.2279912
2022-06-15,197.3035808,188.6271714,185.0223783
2022-06-16,197.6987113,188.7242077,184.5385979
2022-06-17,198.1863527,188.8471628,183.9227883
2022-06-18,198.5608493,188.9375882,183.4714386
2022-06-19,198.8880388,189.0160482,183.0885127
2022-06-20,199.0420733,189.0521098,182.9185927
2022-06-21,198.9642469,189.0286997,183.0388113
2022-06-22,198.962108,189.0227138,183.0750229
2022-06-23,199.1004251,189.0503089,182.957507
2022-06-24,199.4401255,189.1323078,182.5712419
2022-06-25,199.8526596,189.2375562,182.0573796
2022-06-26,200.2397703,189.3362451,181.5809894
2022-06-27,200.4221932,189.3830389,181.3517037
2022-06-28,200.3164677,189.3579704,181.4634682
2022-06-29,200.2855098,189.3501225,181.5054649
2022-06-30,200.3977461,189.3768847,181.3881948
2022-07-01,200.6090535,189.4302573,181.1358726
2022-07-02,200.60334,189.4276735,181.1615262
2022-07-03,199.5673557,189.1518431,182.572529
2022-07-04,197.4965944,188.5983023,185.3818783
2022-07-05,195.6300819,188.0973727,187.899548
2022-07-06,194.5016077,187.7926551,189.4232842
2022-07-07,193.7090724,187.5772139,190.497011
2022-07-08,193.3183767,187.4669456,191.0349102
2022-07-09,192.9999812,187.3728476,191.480741
2022-07-10,192.4522321,187.2135781,192.2360229
2022-07-11,191.7690227,187.0141712,193.1810895
2022-07-12,191.3864747,186.8962566,193.7310587
2022-07-13,191.4178483,186.8926747,193.7202818
2022-07-14,191.3369289,186.8639625,193.8241062
2022-07-15,191.1499739,186.8101673,194.0488638
2022-07-16,191.2066094,186.8188986,193.97161
2022-07-17,191.486406,186.8865926,193.6110988
2022-07-18,191.7565378,186.9530445,193.2659744
2022-07-19,191.8602257,186.9776498,193.1324701
2022-07-20,191.790309,186.9572372,193.2153012
2022-07-21,191.5272693,186.8852767,193.5523323
2022-07-22,190.9825787,186.7397403,194.2531006
2022-07-23,190.4733354,186.6043436,194.8948391
2022-07-24,190.259283,186.5469458,195.1452247
2022-07-25,190.2095721,186.5290153,195.2061636
2022-07-26,190.1323143,186.498014,195.343125
2022-07-27,190.0701154,186.4705946,195.4589929
2022-07-28,190.0949255,186.4639556,195.4411824
2022-07-29,190.0991269,186.4533843,195.434482
2022-07-30,190.0537646,186.4365036,195.4730597
2022-07-31,190.1575647,186.4595839,195.3200173
2022-08-01,190.376828,186.5124932,195.0283679
2022-08-02,190.6070384,186.5684294,194.7344141
2022-08-03,190.8296972,186.6229741,194.4522445
2022-08-04,190.943667,186.6498321,194.2940152
2022-08-05,191.013443,186.665599,194.1788207
2022-08-06,191.2271555,186.7184743,193.8886737
2022-08-07,191.4618603,186.7802977,193.5518505
2022-08-08,191.531474,186.8007003,193.40283
2022-08-09,191.4848858,186.7857242,193.4416167
2022-08-10,191.2862564,186.7251803,193.722642
2022-08-11,191.0874588,186.6614227,194.030578
2022-08-12,191.1649377,186.6711178,193.9734255
2022-08-13,191.4192782,186.7314908,193.648884
2022-08-14,191.691424,186.7995723,193.2853559
2022-08-15,191.9932238,186.8754389,192.8920672
2022-08-16,192.2937285,186.9511291,192.5020061
2022-08-17,192.5425677,187.0136171,192.1739574
2022-08-18,192.7946567,187.0765696,191.8460061
2022-08-19,193.0247823,187.1314344,191.5657725
2022-08-20,193.2035109,187.1717377,191.359333
2022-08-21,193.4234562,187.2240326,191.0907833
2022-08-22,193.748175,187.3049221,190.6828043
2022-08-23,193.8369024,187.3270557,190.5589364
2022-08-24,193.5621194,187.2559696,190.8836849
2022-08-25,193.4285675,187.2195381,191.0436129
2022-08-26,193.5141073,187.2400605,190.919945
2022-08-27,193.6506811,187.273902,190.7307938
2022-08-28,193.8406662,187.3198253,190.4976474
2022-08-29,193.9026915,187.3335882,190.4284848
2022-08-30,193.8476995,187.3190205,190.497339
2022-08-31,193.9303326,187.3398026,190.3864604
2022-09-01,193.9977049,187.3560196,190.3027321
2022-09-02,193.9269397,187.3375128,190.387698
2022-09-03,193.585145,187.2496418,190.8021311
2022-09-04,193.0262272,187.1036898,191.5051083
2022-09-05,192.6028446,186.9901165,192.0532118
2022-09-06,192.4188742,186.9962012,191.9793614
2022-09-07,192.3790334,187.03887,191.7269558
2022-09-08,192.5267847,187.0720788,191.5450869
2022-09-09,192.5267299,187.070813,191.5284811
2022-09-10,192.3471242,187.0249278,191.737294
2022-09-11,192.3990705,187.0369894,191.6559966
2022-09-12,192.6033597,187.087137,191.3879483
2022-09-13,192.9322431,187.1963472,190.830437
2022-09-14,193.2907855,187.3121674,190.2411871
2022-09-15,193.3859958,187.3338619,190.1235907
2022-09-16,193.205394,187.2875999,190.3378108
2022-09-17,193.1445392,187.2727608,190.383475
2022-09-18,193.3153025,187.3151822,190.1544311
2022-09-19,193.6275853,187.3933794,189.7626479
2022-09-20,193.9511373,187.4750906,189.3534502
2022-09-21,194.021696,187.4919643,189.2680883
2022-09-22,193.8171424,187.4387847,189.5295104
2022-09-23,193.5969644,187.3816767,189.8083206
2022-09-24,193.4939233,187.3552975,189.9292206
2022-09-25,193.4831091,187.3533183,189.9159088
2022-09-26,193.5648332,187.3725263,189.8010226
2022-09-27,193.6600326,187.3920389,189.6982021
2022-09-28,193.7794151,187.4168152,189.57776
2022-09-29,193.8087824,187.4211958,189.5509709
2022-09-30,193.2151968,187.2602447,190.3429927
2022-10-01,192.1959779,186.9787404,191.7552734
2022-10-02,191.6502023,186.8232557,192.5379868
2022-10-03,191.5964751,186.8018265,192.6402629
2022-10-04,191.735261,186.8293561,192.496581
2022-10-05,191.7716427,186.8324564,192.4717916
2022-10-06,191.386557,186.7290961,192.9756304
2022-10-07,190.9458184,186.6115904,193.5457683
2022-10-08,190.6965279,186.5454175,193.8513014
2022-10-09,190.5489107,186.506207,194.0156587
2022-10-10,190.4599311,186.4809952,194.1083079
2022-10-11,190.4593259,186.4747654,194.1022982
2022-10-12,190.5555419,186.4922439,193.9725676
2022-10-13,190.2676302,186.4124793,194.341296
2022-10-14,189.6837727,186.2567095,195.0984242
2022-10-15,189.6586296,186.242753,195.1339812
2022-10-16,190.0574386,186.3352757,194.6340524
2022-10-17,190.4090122,186.4151894,194.2026966
2022-10-18,190.7158181,186.4844823,193.8254775
2022-10-19,191.0563204,186.5656302,193.3925198
2022-10-20,191.300903,186.6243461,193.0796344
2022-10-21,191.253351,186.6097638,193.1304136
2022-10-22,190.9031614,186.5214587,193.5265732
2022-10-23,190.5964326,186.4447991,193.8610389
2022-10-24,190.4304742,186.4016424,194.0432501
2022-10-25,190.0834612,186.3119445,194.4469202
2022-10-26,189.7976745,186.2370089,194.774678
2022-10-27,189.7952438,186.2322432,194.7523277
2022-10-28,189.9842803,186.2763801,194.4889418
2022-10-29,190.2854025,186.3504718,194.0908063
2022-10-30,190.637858,186.4378407,193.6249993
2022-10-31,190.8471501,186.4877685,193.3397382
2022-11-01,190.9671144,186.5154854,193.1660409
2022-11-02,191.2462733,186.5845574,192.8045586
2022-11-03,191.6173553,186.6767584,192.3362822
2022-11-04,192.0383483,186.7818762,191.7981935
2022-11-05,192.4548983,186.8858416,191.2661819
2022-11-06,192.8068917,186.9729418,190.8216336
2022-11-07,193.113613,187.0487162,190.4360165
2022-11-08,193.3797324,187.114765,190.0988158
2022-11-09,193.6370545,187.1788086,189.7740692
2022-11-10,193.8552043,187.2312492,189.5145493
2022-11-11,193.9908438,187.2609508,189.373755
2022-11-12,194.1937798,187.308611,189.1432844
2022-11-13,194.413511,187.3596553,188.8995322
2022-11-14,194.4788079,187.3731165,188.8349606
2022-11-15,194.5924148,187.4024983,188.6798468
2022-11-16,194.8457418,187.5015411,188.1761099
2022-11-17,194.9548216,187.5624563,187.8624293
2022-11-18,194.8875964,187.5422523,187.9567986
2022-11-19,194.8443263,187.5276462,188.0278953
2022-11-20,194.8948959,187.537207,187.9814253
2022-11-21,195.0706922,187.579597,187.7761616
2022-11-22,195.3636719,187.6535199,187.4208271
2022-11-23,195.8131223,187.768494,186.86501
2022-11-24,196.3920481,187.9169582,186.1477209
2022-11-25,196.8904564,188.0448844,185.5332602
2022-11-26,197.22766,188.1317534,185.1189008
2022-11-27,197.4501065,188.1892436,184.8503353
2022-11-28,197.6263928,188.2348204,184.6435321
2022-11-29,197.708785,188.256257,184.5527491
2022-11-30,197.6925839,188.2522259,184.5843814
2022-12-01,197.8572356,188.2928134,184.4018802
2022-12-02,198.0888158,188.3504293,184.1425092
2022-12-03,198.1919617,188.3792895,184.0296203
2022-12-04,198.2287951,188.3917432,183.997738
2022-12-05,198.238984,188.3957077,184.0140083
2022-12-06,198.3016025,188.4141123,183.9589692
2022-12-07,198.4848909,188.4638098,183.7394943
2022-12-08,198.7604491,188.5364156,183.4109224
2022-12-09,198.9729659,188.5924017,183.1708615
2022-12-10,199.1115978,188.6283713,183.0337626
2022-12-11,199.1894536,188.6458824,182.9887929
2022-12-12,199.2776503,188.6673915,182.9191834
2022-12-13,199.4287415,188.7080086,182.7522392
2022-12-14,199.5574746,188.7426288,182.6062669
2022-12-15,199.6076542,188.7576288,182.5485955
2022-12-16,199.3038008,188.6787253,182.9706218
2022-12-17,198.8296392,188.552468,183.6409428
2022-12-18,198.5358653,188.4736015,184.0658855
2022-12-19,198.2371302,188.393029,184.493881
2022-12-20,197.9484028,188.3142182,184.9139408
2022-12-21,197.8569715,188.2876279,185.0733337
2022-12-22,197.9101758,188.2991432,185.0464619
2022-12-23,198.0112866,188.3237758,184.9517525
2022-12-24,198.1956391,188.3707503,184.7459527
2022-12-25,198.438195,188.432947,184.4679364
2022-12-26,198.6792266,188.4946605,184.1925331
2022-12-27,198.9346841,188.5604922,183.8962628
2022-12-28,199.0380016,188.5878216,183.7843156
2022-12-29,198.9621154,188.5699903,183.8869512
2022-12-30,199.0706402,188.5984296,183.767056
2022-12-31,199.3497705,188.6705815,183.4412707
2023-01-01,199.489946,188.7093934,183.2858155
2023-01-02,199.4411993,188.6989016,183.3743262
2023-01-03,199.3609078,188.678774,183.5067666
2023-01-04,199.3114122,188.6647206,183.6196616
2023-01-05,199.215401,188.6371984,183.8056286
2023-01-06,198.8613473,188.5461424,184.2763188
2023-01-07,198.3112483,188.4042831,184.9895126
2023-01-08,197.9975011,188.3206822,185.429882
2023-01-09,197.9637337,188.3091091,185.5116941
2023-01-10,198.0016647,188.3153909,185.5118046
2023-01-11,198.0625152,188.3275918,185.4924772
2023-01-12,198.1398728,188.3451767,185.4413285
2023-01-13,198.1715338,188.3520829,185.4322073
2023-01-14,198.1828549,188.3541381,185.4516787
2023-01-15,198.1608576,188.3483743,185.5048856
2023-01-16,198.1166407,188.3371001,185.5722506
2023-01-17,198.1002946,188.3326734,185.6035961
2023-01-18,198.0871994,188.3295391,185.6302758
2023-01-19,198.012266,188.3113794,185.7296795
2023-01-20,197.9312958,188.2910283,185.8372367
2023-01-21,197.9990801,188.3078067,185.7712802
2023-01-22,198.0075883,188.3094145,185.7826886
2023-01-23,197.9081914,188.2836437,185.9221519
2023-01-24,197.859679,188.2708651,185.9967363
2023-01-25,197.8569395,188.2702896,186.0165136
2023-01-26,197.9507074,188.2948266,185.9152879
2023-01-27,198.1165994,188.3374842,185.7216439
2023-01-28,198.0483214,188.3291123,185.4204274
2023-01-29,197.7917341,188.2719087,185.3628397
2023-01-30,197.6258155,188.2284473,185.5961981
2023-01-31,197.6231749,188.2260129,185.6300803
2023-02-01,197.805927,188.2710613,185.4290261
2023-02-02,197.8600322,188.2844389,185.3775555
2023-02-03,197.734195,188.2515729,185.5541343
2023-02-04,197.832214,188.2765428,185.4446436
2023-02-05,198.09893,188.346264,185.1116615
2023-02-06,198.273159,188.3923813,184.8985707
2023-02-07,198.4549824,188.4396658,184.6840881
2023-02-08,198.6009225,188.473864,184.5354039
2023-02-09,198.483732,188.4403929,184.7191532
2023-02-10,198.3235759,188.3991798,184.934477
2023-02-11,198.2828698,188.3889293,184.9927675
2023-02-12,198.1445666,188.3520863,185.1714614
2023-02-13,197.9260759,188.2923629,185.4747401
2023-02-14,197.7912755,188.2518753,185.7113501
2023-02-15,197.7886634,188.2419764,185.802715
2023-02-16,197.9194934,188.2688462,185.7029438
2023-02-17,198.0567406,188.303031,185.5546565
2023-02-18,198.0229207,188.2945297,185.6079635
2023-02-19,198.0162674,188.2924348,185.6241469
2023-02-20,198.0986637,188.3135535,185.5270564
2023-02-21,198.0402346,188.2994322,185.602202
2023-02-22,197.8175572,188.2423149,185.8891528
2023-02-23,197.4756528,188.1520598,186.345811
2023-02-24,197.181169,188.0734512,186.7465388
2023-02-25,197.0977564,188.0489398,186.8791069
2023-02-26,197.3337637,188.1065423,186.6041709
2023-02-27,197.7852497,188.2209904,186.0451985
2023-02-28,198.2433397,188.3376228,185.4793082
2023-03-01,198.438643,188.3882887,185.2327279
2023-03-02,198.4210557,188.3857007,185.2414966
2023-03-03,198.5720036,188.4254159,185.0498216
2023-03-04,199.0173064,188.5401367,184.4961025
2023-03-05,199.1679531,188.5790608,184.3193992
2023-03-06,198.8493218,188.4985398,184.7267301
2023-03-07,198.6985546,188.4617663,184.9112607
2023-03-08,198.8145199,188.4909669,184.7764757
2023-03-09,199.0457,188.549315,184.4994059
2023-03-10,199.1144737,188.567409,184.4151352
2023-03-11,199.0301898,188.5461088,184.5253383
2023-03-12,198.9462604,188.5248422,184.6351238
2023-03-13,198.7644275,188.4782537,184.8704373
2023-03-14,198.533577,188.4180912,185.1753227
2023-03-15,198.3347971,188.3646992,185.4512904
2023-03-16,198.2564683,188.3406441,185.585616
2023-03-17,198.5330227,188.4088579,185.2574185
2023-03-18,198.7455858,188.4684366,184.6858595
2023-03-19,198.7056148,188.4637081,184.4339424
2023-03-20,198.6761121,188.4560471,184.4767554
2023-03-21,198.5428837,188.421182,184.6539025
2023-03-22,198.4892091,188.4064174,184.7251384
2023-03-23,198.5931644,188.4309255,184.6023236
2023-03-24,198.7959568,188.4808398,184.3610197
2023-03-25,198.9198944,188.5119139,184.2124354
2023-03-26,198.8051653,188.4817048,184.3678193
2023-03-27,198.6625211,188.4439494,184.5609577
2023-03-28,198.8108192,188.4814448,184.3794532
2023-03-29,199.0964522,188.5545962,184.0185056
2023-03-30,199.2658494,188.5972753,183.8089274
2023-03-31,199.5722767,188.6750797,183.4305117
2023-04-01,200.0014089,188.7849312,182.8950008
2023-04-02,200.3153973,188.8659408,182.494684
2023-04-03,200.3341607,188.8708667,182.4726342
2023-04-04,200.1756061,188.8297864,182.6852772
2023-04-05,200.0902783,188.8093003,182.7897914
2023-04-06,200.049358,188.8010266,182.8319347
2023-04-07,200.0494543,188.8005607,182.8473545
2023-04-08,200.1773476,188.8328233,182.7004276
2023-04-09,200.4499661,188.903049,182.3544621
2023-04-10,200.6002366,188.9390686,182.1819651
2023-04-11,200.5744541,188.9294089,182.225837
2023-04-12,200.6395873,188.9430711,182.1543411
2023-04-13,200.7757808,188.9732212,182.0242969
2023-04-14,200.790828,188.9727971,182.0449057
2023-04-15,200.7329475,188.9551402,182.1423233
2023-04-16,200.7891505,188.9675145,182.0927232
2023-04-17,200.9336724,188.9988958,181.9700671
2023-04-18,201.0045984,189.0095255,181.9575634
2023-04-19,201.0930271,189.0263699,181.9108765
2023-04-20,201.2031166,189.0487782,181.8378345
2023-04-21,201.2382076,189.0536198,181.8426852
2023-04-22,201.3892776,189.0899683,181.6887512
2023-04-23,201.6028136,189.1423598,181.459297
2023-04-24,201.6725733,189.1581577,181.4065836
2023-04-25,201.611233,189.1411506,181.5058105
2023-04-26,201.5946109,189.1348684,181.5560314
2023-04-27,201.5796729,189.1530057,181.4789632
2023-04-28,201.6922852,189.2054897,181.2308883
2023-04-29,201.9816376,189.2797524,180.8917166
2023-04-30,202.1898941,189.3314949,180.6767013
2023-05-01,202.3437956,189.3669977,180.5531891
2023-05-02,202.5203484,189.4074815,180.403557
2023-05-03,202.8089088,189.4791368,180.0821459
2023-05-04,203.149829,189.5670579,179.6651957
2023-05-05,203.3548246,189.6213124,179.4066557
2023-05-06,203.4859622,189.6557081,179.2507168
2023-05-07,203.4873989,189.6542102,179.2803783
2023-05-08,203.2969625,189.6019153,179.5598571
2023-05-09,202.9083637,189.4962403,180.1089761
2023-05-10,202.5935224,189.4103855,180.5543866
2023-05-11,202.7255082,189.4425281,180.4109909
2023-05-12,203.000505,189.5110302,180.0962729
2023-05-13,203.2313513,189.5686017,179.8325474
2023-05-14,203.5314734,189.6455499,179.4702508
2023-05-15,203.896758,189.7407931,179.0206747
2023-05-16,204.2252644,189.8317039,178.5887955
2023-05-17,204.3039881,189.8578501,178.4716066
2023-05-18,204.1116477,189.8094742,178.720157
2023-05-19,203.9057826,189.7563184,178.9924638
2023-05-20,203.9230081,189.7586146,179.0010374
2023-05-21,204.1242457,189.8081189,178.7850568
2023-05-22,204.2374346,189.8350487,178.6745387
2023-05-23,204.3619136,189.8648546,178.5501591
2023-05-24,204.6076233,189.9277311,178.2626525
2023-05-25,204.9088299,190.0065127,177.8870826
2023-05-26,205.098839,190.0577304,177.6490445
2023-05-27,205.1216914,190.0668602,177.6217853
2023-05-28,205.4211361,190.1461954,177.2555948
2023-05-29,205.9191968,190.2755027,176.6466291
2023-05-30,206.2774373,190.369449,176.2109731
2023-05-31,206.5635781,190.44574,175.8719668
2023-06-01,206.8256502,190.516219,175.5691198
2023-06-02,207.0969043,190.5887729,175.2566224
2023-06-03,207.3610089,190.6599596,174.9511459
2023-06-04,207.525878,190.7069627,174.7709302
2023-06-05,207.5671959,190.7208715,174.7438793
2023-06-06,207.5816765,190.7257837,174.7615544
2023-06-07,207.5792073,190.7256807,174.8095658
2023-06-08,207.6520942,190.7450379,174.7748682
2023-06-09,207.9000924,190.810673,174.5107241
2023-06-10,208.1893173,190.8875075,174.1689106
2023-06-11,208.4402572,190.9545237,173.8782827
2023-06-12,208.6013173,190.9980791,173.7031137
2023-06-13,208.7024872,191.0262371,173.6026415
2023-06-14,208.859663,191.0686676,173.4262976
2023-06-15,209.0613168,191.1217663,173.1903232
2023-06-16,209.268775,191.1770514,172.9455337
2023-06-17,209.4880401,191.2363064,172.6837265
2023-06-18,209.7238253,191.2996803,172.4017643
2023-06-19,210.0629628,191.3903222,171.9989523
2023-06-20,210.4334665,191.4907762,171.5676724
2023-06-21,210.5859611,191.5366899,171.4027065
2023-06-22,210.6365984,191.5562081,171.3647853
2023-06-23,210.7737804,191.5963418,171.2291239
2023-06-24,211.0012677,191.6594239,170.9712
2023-06-25,211.2897206,191.7385494,170.6274051
2023-06-26,211.546304,191.8086653,170.3181793
2023-06-27,211.810287,191.8805304,170.0050797
2023-06-28,212.1271884,191.9669093,169.6385976
2023-06-29,212.4320752,192.0508834,169.2882117
2023-06-30,212.7208747,192.1308984,168.9589397
2023-07-01,213.0488965,192.2216564,168.5852795
2023-07-02,213.3120376,192.2992704,168.2992099
2023-07-03,213.5509636,192.372799,168.0599376
2023-07-04,213.8870408,192.4703318,167.7189088
2023-07-05,214.257671,192.5763391,167.3477001
2023-07-06,214.5243311,192.6587371,166.9592302
2023-07-07,214.7592522,192.7305739,166.5778173
2023-07-08,215.0648443,192.8148957,166.2261465
2023-07-09,215.3211909,192.8856757,165.9274665
2023-07-10,215.5573106,192.9506843,165.6574377
2023-07-11,215.785593,193.0141152,165.3995594
2023-07-12,215.9648025,193.06501,165.2021862
2023-07-13,216.2179368,193.1361016,164.9232991
2023-07-14,216.5531613,193.2292857,164.5431335
2023-07-15,216.8506824,193.311893,164.2038076
2023-07-16,217.0687871,193.3736584,163.9690131
2023-07-17,217.237038,193.4192971,163.9194872
2023-07-18,217.4490825,193.474877,163.8853519
2023-07-19,217.6815025,193.545809,163.7343802
2023-07-20,217.8546238,193.6089498,163.6345277
2023-07-21,217.8121911,193.6113473,163.7985
2023-07-22,217.5163574,193.5432518,164.2727602
2023-07-23,217.2717519,193.4869501,164.7003983
2023-07-24,217.2061792,193.4765376,164.8813843
2023-07-25,217.2278441,193.4918912,164.9394675
2023-07-26,217.3841191,193.543471,164.8168837
2023-07-27,217.6522039,193.6227284,164.5410036
2023-07-28,218.0016554,193.7236443,164.1640753
2023-07-29,218.166716,193.7730652,163.9960016
2023-07-30,218.0933679,193.7562479,164.1087822
2023-07-31,218.0504221,193.7473773,164.1806474
2023-08-01,218.2396329,193.80001,163.9772782
2023-08-02,218.5841213,193.8986067,163.6113993
2023-08-03,218.8247786,193.974745,163.3999557
2023-08-04,218.852996,193.9919943,163.4346953
2023-08-05,218.7477531,193.9711754,163.5985186
2023-08-06,218.741633,193.978898,163.652925
2023-08-07,218.8377755,194.0174303,163.5930097
2023-08-08,219.0099286,194.0759141,163.4281959
2023-08-09,219.1671817,194.1298538,163.2925048
2023-08-10,219.2991898,194.1767228,163.1954256
2023-08-11,219.498862,194.2376857,162.9936687
2023-08-12,219.7267697,194.3046344,162.7488754
2023-08-13,219.9543159,194.3718821,162.5055307
2023-08-14,220.2809652,194.46646,162.1447937
2023-08-15,220.5936068,194.5609357,161.8270645
2023-08-16,220.7484058,194.6150094,161.7343932
2023-08-17,220.8419039,194.6520762,161.7235253
2023-08-18,220.9864466,194.7003595,161.6180281
2023-08-19,221.1945379,194.761448,161.4024418
2023-08-20,221.44191,194.8332367,161.1311672
2023-08-21,221.691589,194.9180849,160.8136521
2023-08-22,221.9185828,194.9970165,160.533359
2023-08-23,222.0317824,195.0379896,160.4327915
2023-08-24,222.0358698,195.0531582,160.4563031
2023-08-25,222.095818,195.0791167,160.4158797
2023-08-26,222.2235255,195.1223697,160.2014353
2023-08-27,222.5018257,195.2065989,159.804987
2023-08-28,222.914958,195.3256854,159.3501889
2023-08-29,223.3120455,195.4447114,158.9406564
2023-08-30,223.5052549,195.5140057,158.6200735
2023-08-31,223.5750044,195.5498145,158.3800215
2023-09-01,223.5249997,195.5528967,158.3967674
2023-09-02,223.3117374,195.5122107,158.6604275
2023-09-03,223.188485,195.489936,158.8605012
2023-09-04,223.085098,195.4707627,159.0616535
2023-09-05,222.9854742,195.4525856,159.2615746
2023-09-06,223.0234897,195.4748727,159.2961943
2023-09-07,222.914577,195.460178,159.5171254
2023-09-08,222.723437,195.4198522,159.8030706
2023-09-09,222.777294,195.4438917,159.7703418
2023-09-10,222.8936632,195.486288,159.6739107
2023-09-11,222.9884897,195.52455,159.6075
2023-09-12,223.1188718,195.5791383,159.321473
2023-09-13,223.4083875,195.6764774,158.8608242
2023-09-14,223.8321212,195.8034913,158.4222125
2023-09-15,224.1479148,195.9028116,158.1131269
2023-09-16,224.3297547,195.9674961,157.9855285
2023-09-17,224.5070926,196.0295706,157.8521116
2023-09-18,224.8407539,196.1314384,157.4958492
2023-09-19,224.9846009,196.1827903,157.3665911
2023-09-20,224.8383916,196.1572866,157.5833172
2023-09-21,224.6699561,196.1256296,157.8174999
2023-09-22,224.4571266,196.0815832,158.1055596
2023-09-23,224.4337678,196.0865521,158.1765178
2023-09-24,224.5552436,196.1333889,157.9873362
2023-09-25,224.700044,196.188262,157.7813741
2023-09-26,224.9217806,196.2605411,157.5872996
2023-09-27,225.0902154,196.3193177,157.4791015
2023-09-28,225.1703303,196.3560036,157.4888962
2023-09-29,225.2764962,196.3971567,157.4422666
2023-09-30,225.4840819,196.4628214,157.2584741
2023-10-01,225.4381588,196.4625699,157.362742
2023-10-02,225.0931018,196.3841369,157.8097545
2023-10-03,224.8579474,196.3327186,158.1328182
2023-10-04,224.4680343,196.2505079,158.628535
2023-10-05,223.9899208,196.1541968,159.1882669
2023-10-06,223.7841669,196.1188067,159.4348843
2023-10-07,223.5732126,196.075989,159.7300607
2023-10-08,223.4088487,196.0453301,159.9753264
2023-10-09,223.4166021,196.0593879,160.0145167
2023-10-10,223.470117,196.0856697,160.0003967
2023-10-11,223.715312,196.1617858,159.749786
2023-10-12,223.8345134,196.2108721,159.3866637
2023-10-13,223.7020602,196.1923883,159.3176985
2023-10-14,223.7868027,196.2240327,159.2364734
2023-10-15,224.0862922,196.3108508,158.8982585
2023-10-16,224.2313606,196.3569751,158.7545914
2023-10-17,224.0862866,196.3301373,158.9642179
2023-10-18,223.8580256,196.2807684,159.2935902
2023-10-19,223.689414,196.2433437,159.5794567
2023-10-20,223.6001946,196.2254571,159.7721633
2023-10-21,223.3747963,196.1750342,160.1168948
2023-10-22,222.9983519,196.0888101,160.6328999
2023-10-23,222.8554802,196.0639523,160.8570068
2023-10-24,222.9968817,196.1105237,160.7246098
2023-10-25,223.1427992,196.1569305,160.5816402
2023-10-26,222.9465841,196.1171987,160.8603777
2023-10-27,222.4297161,195.9955627,161.5377782
2023-10-28,222.1448824,195.9343669,161.9471147
2023-10-29,222.1447215,195.947816,162.0239541
2023-10-30,222.1309501,195.9546199,162.1201902
2023-10-31,222.076781,195.9477012,162.2512929
2023-11-01,222.0537365,195.9524749,162.3322359
2023-11-02,222.1415356,195.9878487,162.2737423
2023-11-03,222.271775,196.0317167,162.1621627
2023-11-04,222.2971173,196.0454716,162.1760264
2023-11-05,222.141438,196.0104084,162.4067671
2023-11-06,222.0107703,195.9942726,162.55502
2023-11-07,221.946319,195.9945904,162.6190128
2023-11-08,221.7820321,195.9565615,162.8565386
2023-11-09,221.6039322,195.9164477,163.1071743
2023-11-10,221.3812828,195.8673038,163.4061691
2023-11-11,221.0040064,195.7814452,163.8934478
2023-11-12,220.6385423,195.6989044,164.3539599
2023-11-13,220.4913448,195.6690671,164.5375582
2023-11-14,220.517345,195.6822022,164.5211342
2023-11-15,220.7989994,195.7634104,164.197211
2023-11-16,221.2768149,195.8964636,163.6305428
2023-11-17,221.4758666,195.9552747,163.4036315
2023-11-18,221.3931041,195.9383081,163.5188357
2023-11-19,221.1928287,195.8914822,163.7922529
2023-11-20,220.870059,195.8143398,164.2295175
2023-11-21,220.6510804,195.7635419,164.5297366
2023-11-22,220.5822327,195.7509832,164.6287083
2023-11-23,220.5104126,195.7379053,164.7228303
2023-11-24,220.3918238,195.7123275,164.8788615
2023-11-25,220.2862545,195.689096,165.0253324
2023-11-26,220.2295104,195.6779006,165.1104495
2023-11-27,220.2967863,195.7005159,165.0435068
2023-11-28,220.1334052,195.6642354,165.280138
2023-11-29,219.5995146,195.5322003,165.9911293
2023-11-30,219.1987243,195.4345621,166.5263036
2023-12-01,219.0311907,195.3957439,166.7545082
2023-12-02,218.938759,195.3753812,166.8875402
2023-12-03,218.8725328,195.3610835,166.9900753
2023-12-04,218.8303524,195.3530959,167.0557236
2023-12-05,218.7889201,195.3451375,167.1194906
2023-12-06,218.7339046,195.3335043,167.2003345
2023-12-07,218.8149065,195.3579461,167.1040774
2023-12-08,218.9001649,195.383334,167.0042855
2023-12-09,218.8024143,195.3617641,167.13316
2023-12-10,218.7208311,195.3450818,167.2349585
2023-12-11,218.7082826,195.3457829,167.2520093
2023-12-12,218.950877,195.4132462,166.9547385
2023-12-13,219.20282,195.5425423,166.3715823
2023-12-14,219.0925848,195.5785981,166.2360546
2023-12-15,218.8961644,195.5327462,166.4802927
2023-12-16,218.7736854,195.5038433,166.6384388
2023-12-17,218.6425345,195.4722531,166.8133662
2023-12-18,218.5253616,195.4440027,166.9740812
2023-12-19,218.5202998,195.4481622,166.973188
2023-12-20,218.4947967,195.449218,166.9807432
2023-12-21,218.3101563,195.4072267,167.1972536
2023-12-22,217.9760219,195.3266157,167.6054731
2023-12-23,217.7544564,195.2737407,167.8776596
2023-12-24,217.68979,195.2595888,167.9645432
2023-12-25,217.4317343,195.1953694,168.3069612
2023-12-26,217.0749883,195.1063104,168.7703459
2023-12-27,216.890659,195.0613342,169.0084041
2023-12-28,216.9055825,195.0671536,168.9969214
2023-12-29,217.0582166,195.1086341,168.8129978
