Datetime,Transect1_lower,Transect2_lower,Transect3_lower,Transect4_lower,Transect5_lower,Transect6_lower,Transect7_lower,Transect8_lower,Transect9_lower,Transect1_upper,Transect2_upper,Transect3_upper,Transect4_upper,Transect5_upper,Transect6_upper,Transect7_upper,Transect8_upper,Transect9_upper
1951-06-01,167.637,174.866,166.802,160.523,161.765,176.228,175.552,174.827,173.024,192.652,199.650,191.665,185.771,186.399,201.200,199.970,199.716,198.166
1951-07-01,180.565,185.158,178.495,172.283,170.565,179.296,174.240,172.958,169.807,205.425,210.399,203.526,197.838,195.821,204.232,199.026,197.992,194.668
1951-08-01,186.387,191.428,183.874,177.737,174.899,180.549,176.181,175.574,172.114,211.210,216.328,208.965,202.759,200.365,205.229,201.076,200.778,197.015
1951-09-01,186.956,189.231,182.582,177.498,176.173,180.289,174.225,176.566,172.217,211.918,214.053,207.532,203.009,201.132,205.304,198.966,201.438,196.921
1951-10-01,186.244,187.739,181.669,177.914,176.511,180.393,177.241,179.893,176.031,211.813,212.636,205.974,202.760,201.522,205.287,201.883,204.904,201.391
1951-11-01,187.215,187.042,182.521,181.543,179.840,183.261,181.142,185.483,180.067,211.677,211.603,207.078,206.813,204.582,207.989,206.110,210.478,205.435
1951-12-01,185.476,185.906,183.644,181.475,181.006,185.950,184.008,191.040,185.376,210.302,210.656,208.395,206.583,205.725,210.993,208.980,216.109,210.617
1952-01-01,184.629,183.829,184.168,183.648,183.554,187.877,188.389,196.642,188.663,209.557,208.831,209.524,208.456,208.410,213.000,213.326,222.111,213.742
1952-02-01,183.487,184.047,184.484,184.157,184.235,188.444,189.537,201.870,190.032,208.314,208.940,209.652,209.187,209.384,213.568,214.392,227.194,214.641
1952-03-01,182.366,183.165,184.764,183.393,185.331,187.707,189.310,199.366,189.313,206.887,207.976,209.644,207.924,210.002,212.777,214.101,225.051,214.475
1952-04-01,182.209,184.751,185.102,182.350,183.703,184.960,187.060,192.999,185.266,207.327,209.762,210.404,207.149,208.050,210.117,212.026,219.446,211.034
1952-05-01,183.106,186.372,186.038,183.148,181.692,180.517,180.244,184.793,180.990,208.158,210.936,211.121,207.663,206.547,205.618,205.299,210.728,206.144
1952-06-01,185.819,190.445,185.453,182.520,178.843,174.815,168.958,169.873,171.516,211.160,215.696,210.505,207.135,203.691,200.090,194.100,197.197,196.984
1952-07-01,189.490,191.280,189.183,182.554,175.902,174.140,167.135,168.173,168.727,213.997,216.178,213.496,207.238,200.518,199.086,192.210,194.705,194.360
1952-08-01,188.468,190.184,185.010,178.823,170.391,170.222,166.648,170.296,169.870,213.443,215.133,210.127,203.439,195.267,194.796,191.690,197.048,195.240
1952-09-01,186.287,187.196,184.346,179.911,174.701,175.225,172.139,174.176,173.175,211.267,211.572,209.431,204.628,199.617,199.964,196.650,201.126,198.915
1952-10-01,186.030,186.193,183.092,181.201,174.725,175.947,174.465,177.690,175.970,210.750,210.761,207.430,205.753,199.641,200.461,199.464,204.420,201.448
1952-11-01,184.853,183.623,182.839,183.406,178.728,180.213,180.772,185.006,183.341,209.683,208.793,208.070,208.032,203.629,205.162,206.874,212.486,209.443
1952-12-01,184.723,183.154,184.161,182.738,180.149,183.108,183.043,188.708,186.485,209.832,208.259,209.072,207.671,204.993,207.655,207.652,216.329,212.289
1953-01-01,182.954,181.644,184.582,183.173,182.367,186.081,187.648,195.971,191.552,208.679,206.816,209.354,207.996,207.236,210.800,212.226,223.501,217.224
1953-02-01,182.386,181.742,184.764,183.762,183.928,187.708,190.565,201.852,192.132,207.453,206.851,210.006,208.963,208.954,212.415,215.640,229.236,218.286
1953-03-01,181.504,181.593,184.636,183.139,183.583,186.320,188.588,197.702,191.593,206.976,206.460,209.515,207.703,208.402,211.031,213.290,225.534,217.854
1953-04-01,180.976,182.077,185.700,183.393,183.283,183.015,186.263,193.014,188.684,206.213,207.579,210.738,208.815,208.782,208.219,211.790,222.072,214.732
1953-05-01,180.739,183.305,185.278,183.595,180.301,179.320,180.921,184.438,185.274,205.824,208.292,210.629,208.197,205.073,204.331,205.946,213.930,211.121
1953-06-01,186.018,187.321,184.940,181.458,177.778,174.493,169.279,171.343,176.196,211.688,212.801,210.215,206.909,202.736,199.948,194.195,201.327,202.707
1953-07-01,193.035,195.283,193.445,186.897,182.460,178.633,170.593,170.210,174.998,218.945,220.592,218.845,212.092,207.357,203.478,195.792,200.407,201.269
1953-08-01,196.094,197.550,194.347,188.366,182.997,179.368,175.307,173.736,178.872,221.380,222.954,219.472,213.360,208.369,204.310,200.812,204.277,205.500
1953-09-01,194.978,194.858,192.144,186.332,182.975,180.269,175.835,176.336,179.615,219.480,220.096,217.204,211.213,207.950,205.257,200.814,206.444,205.867
1953-10-01,193.391,192.329,189.002,185.400,182.242,180.133,177.209,180.360,183.288,218.093,217.638,214.325,210.365,207.239,205.480,202.114,210.749,209.962
1953-11-01,190.153,188.515,188.153,185.669,182.367,182.597,181.283,188.114,190.108,215.809,214.464,214.403,211.621,208.435,208.468,207.157,219.414,217.127
1953-12-01,187.384,185.900,186.698,185.034,182.896,184.281,183.104,193.491,194.311,213.404,212.038,212.874,210.620,208.405,209.870,209.133,224.889,220.872
1954-01-01,186.757,184.618,186.174,183.206,182.675,185.735,185.668,198.840,197.716,212.103,210.706,212.016,208.980,208.367,210.803,211.438,230.309,224.440
1954-02-01,183.767,182.384,184.724,183.364,182.523,185.780,187.103,204.334,199.352,209.616,208.360,210.121,208.980,207.263,210.497,212.173,234.706,225.989
1954-03-01,182.684,181.840,185.066,182.164,183.399,185.650,187.982,201.446,198.872,208.231,207.632,210.767,207.883,208.757,210.608,213.139,233.207,225.470
1954-04-01,182.186,183.676,185.813,183.303,182.873,182.171,184.430,194.820,193.710,208.006,209.421,211.549,208.379,208.168,207.739,210.157,228.188,221.133
1954-05-01,183.800,185.708,185.843,183.143,180.897,179.346,179.159,186.951,188.943,209.284,211.069,211.229,208.281,206.029,204.733,203.898,220.350,216.659
1954-06-01,185.724,187.133,185.867,181.415,176.049,173.544,168.575,174.274,179.274,210.876,212.701,210.379,206.533,201.327,198.585,193.170,207.817,207.191
1954-07-01,189.202,191.639,189.357,183.709,178.298,174.799,168.035,172.324,177.798,214.191,216.819,214.499,208.707,203.368,199.354,192.857,206.222,205.499
1954-08-01,193.220,195.879,192.543,186.000,180.237,178.074,173.290,174.314,179.569,217.955,220.786,217.656,211.078,205.062,203.026,198.216,207.700,207.305
1954-09-01,193.345,192.794,189.080,184.216,178.204,177.679,171.640,175.332,178.903,217.949,217.504,213.989,208.731,202.841,202.363,196.215,208.790,206.162
1954-10-01,192.574,190.633,186.499,183.317,177.227,177.005,174.019,178.513,181.478,217.098,215.187,211.389,208.159,202.057,201.361,198.398,212.140,208.481
1954-11-01,192.568,189.492,187.564,185.235,180.210,180.494,177.002,184.324,185.908,216.696,214.472,212.054,209.753,204.629,205.086,201.762,217.762,213.234
1954-12-01,190.234,188.822,187.490,184.055,180.690,183.924,180.468,188.881,189.533,214.949,213.210,212.158,208.770,205.673,208.614,205.029,221.920,217.018
1955-01-01,188.655,187.021,186.809,184.501,184.082,185.853,185.900,194.211,192.676,213.574,211.616,211.844,209.025,208.543,210.802,210.326,228.079,220.446
1955-02-01,187.268,186.399,186.524,186.039,183.447,186.884,187.253,200.557,193.792,211.867,210.848,211.293,210.629,208.805,211.543,211.637,233.715,221.553
1955-03-01,185.394,185.262,186.292,183.368,183.916,185.600,187.438,196.843,193.422,209.968,209.842,211.100,207.955,208.606,210.244,211.971,230.477,221.023
1955-04-01,184.511,186.181,185.293,182.205,181.468,181.557,184.011,191.703,188.965,208.848,210.667,210.059,207.043,206.411,206.312,208.871,225.072,216.581
1955-05-01,180.764,181.984,183.126,181.121,177.510,176.799,178.730,184.476,186.328,205.924,207.150,208.449,206.186,202.311,201.625,203.614,218.168,214.003
1955-06-01,179.879,181.913,179.503,177.846,171.182,170.487,168.831,171.937,178.325,204.159,206.698,204.515,202.924,196.354,194.927,193.451,205.405,206.314
1955-07-01,184.919,186.745,185.572,179.955,174.164,173.522,167.998,169.299,176.732,209.134,211.626,210.024,205.303,198.945,198.206,192.976,203.251,204.574
1955-08-01,194.939,196.602,192.612,186.847,180.476,177.835,171.553,174.002,178.340,219.548,221.396,216.999,211.947,205.162,203.083,196.432,207.325,206.192
1955-09-01,194.149,194.176,189.636,184.871,181.212,177.694,172.776,176.830,179.332,218.858,218.822,214.550,209.644,205.678,202.251,197.106,209.059,206.348
1955-10-01,192.742,191.436,187.000,184.237,180.540,178.836,175.258,180.724,183.159,217.141,215.954,211.533,208.622,205.137,203.261,199.952,213.480,210.670
1955-11-01,191.359,189.239,186.997,185.540,182.311,181.067,178.549,187.263,187.641,216.035,213.754,211.915,210.741,206.930,205.814,203.589,220.697,214.879
1955-12-01,190.548,188.123,187.535,185.154,182.725,184.063,180.121,190.162,190.990,215.370,213.184,212.047,209.849,207.522,209.015,205.286,223.734,218.139
1956-01-01,188.946,185.087,185.072,183.875,182.096,184.673,184.081,196.105,195.187,213.838,209.806,209.945,208.811,206.944,209.645,208.489,229.115,221.961
1956-02-01,185.613,183.332,183.218,182.222,179.931,182.840,184.284,203.577,197.357,210.550,208.342,208.080,207.435,204.976,208.194,209.187,234.775,223.859
1956-03-01,184.531,182.605,182.598,180.586,179.443,183.016,184.385,200.612,196.719,209.107,207.580,207.522,206.066,204.143,207.789,209.400,232.858,223.118
1956-04-01,189.387,189.271,187.164,182.816,182.252,182.669,181.135,192.951,188.527,214.086,214.301,212.123,207.540,207.626,208.092,206.123,226.102,215.983
1956-05-01,186.576,187.480,185.016,179.900,177.524,176.947,174.715,185.595,184.499,211.568,212.682,209.905,205.363,202.322,201.854,199.663,217.613,211.422
1956-06-01,186.090,186.293,182.996,177.558,173.032,169.304,165.569,174.222,176.766,210.784,211.254,207.614,202.361,197.502,194.014,190.280,207.225,203.713
1956-07-01,194.445,195.676,191.770,186.405,180.948,177.003,170.881,170.726,174.765,218.969,220.007,216.527,211.209,205.743,202.126,195.971,203.859,202.712
1956-08-01,200.458,201.061,196.496,189.407,184.846,180.752,173.796,175.066,177.650,225.436,225.906,221.057,214.227,209.717,206.115,198.706,207.969,204.904
1956-09-01,198.487,197.637,193.302,187.270,183.873,180.219,174.200,176.214,177.953,223.494,222.395,218.186,211.886,208.822,204.979,198.666,209.103,205.111
1956-10-01,194.596,193.875,190.575,187.443,185.159,182.314,178.985,179.706,182.908,219.949,220.118,215.947,212.492,209.950,207.533,204.038,213.691,209.955
1956-11-01,191.810,192.753,190.594,189.584,185.793,185.887,183.236,184.648,187.892,218.015,218.388,216.400,215.223,211.165,211.375,208.655,218.946,215.872
1956-12-01,189.031,189.444,189.205,186.502,185.245,187.455,185.593,190.644,192.557,214.708,215.048,214.978,211.964,210.738,212.598,211.053,225.636,220.317
1957-01-01,187.515,186.324,188.162,186.645,186.052,187.808,189.893,195.836,198.527,213.438,212.108,214.157,212.298,211.261,213.471,215.101,231.456,225.693
1957-02-01,185.437,185.516,187.287,184.996,184.000,186.221,187.524,201.851,199.126,211.311,210.571,212.655,210.477,209.257,210.933,213.013,235.978,225.870
1957-03-01,184.038,185.026,185.417,184.296,185.020,185.436,188.019,198.810,197.682,209.176,210.355,210.576,209.678,210.315,210.333,212.963,233.196,225.420
1957-04-01,181.383,183.844,185.822,184.576,183.330,183.798,188.855,194.186,193.735,207.597,210.212,211.950,210.062,208.939,209.224,214.629,231.736,222.298
1957-05-01,189.857,192.872,191.740,187.554,185.456,183.205,178.387,181.929,185.959,216.000,219.022,217.054,213.105,211.316,208.845,204.823,220.917,215.432
1957-06-01,192.462,194.189,190.397,185.315,181.399,176.824,170.361,169.951,177.980,217.443,220.342,216.347,210.703,206.795,202.645,195.683,208.830,207.845
1957-07-01,193.415,195.602,191.864,185.185,179.018,175.356,168.693,166.827,174.553,218.501,221.253,217.241,210.408,203.914,200.032,193.387,206.403,204.772
1957-08-01,195.808,196.118,191.664,184.598,174.507,172.487,168.150,169.639,176.345,220.615,221.298,216.883,209.951,199.807,197.585,193.022,209.385,206.241
1957-09-01,193.747,192.981,189.100,183.234,176.344,175.353,170.405,171.927,176.291,218.412,217.941,214.254,208.673,201.301,200.284,195.558,210.787,205.844
1957-10-01,191.029,190.113,187.118,183.835,179.120,177.387,176.392,176.510,183.004,216.277,215.624,212.596,209.200,204.391,202.483,201.697,217.131,212.282
1957-11-01,187.712,188.270,186.664,184.509,182.458,181.441,180.815,184.067,189.470,213.288,213.831,212.568,210.478,207.620,206.965,206.436,223.726,219.198
1957-12-01,187.075,185.382,186.575,183.550,181.284,183.294,182.754,187.410,193.429,213.018,211.886,212.045,209.423,207.225,209.146,208.764,227.931,222.632
1958-01-01,184.170,183.981,186.206,184.765,183.656,186.532,189.209,193.700,197.838,210.167,209.768,212.104,210.426,209.502,212.024,215.253,234.114,227.613
1958-02-01,183.984,182.122,185.981,185.136,184.701,187.008,190.036,199.403,198.979,209.288,208.098,211.272,210.670,209.508,211.796,215.431,240.320,228.751
1958-03-01,181.989,182.288,185.601,184.287,184.870,186.115,189.247,196.574,196.713,207.713,208.184,211.453,209.609,209.825,211.053,214.349,237.375,226.724
1958-04-01,182.058,184.277,185.855,182.957,184.237,183.573,186.478,191.793,193.260,207.131,209.676,211.366,208.439,209.559,208.454,211.631,233.331,223.366
1958-05-01,186.324,186.886,188.475,183.873,181.962,180.323,177.760,182.660,185.948,213.270,213.978,214.821,210.238,208.645,207.242,205.088,226.029,216.587
1958-06-01,184.982,185.304,183.869,180.228,173.794,170.534,166.347,172.249,177.775,211.057,211.906,209.759,205.763,199.524,196.168,192.501,215.446,209.153
1958-07-01,192.166,192.788,190.842,185.375,179.130,176.458,168.418,167.869,175.266,217.750,218.362,216.403,210.229,204.575,201.822,193.730,210.883,206.120
1958-08-01,195.784,197.004,193.240,187.175,181.767,178.233,173.358,171.435,179.777,220.619,222.104,218.371,212.239,206.652,203.325,198.193,214.062,210.007
1958-09-01,194.315,194.160,190.951,184.545,180.119,178.084,172.365,174.079,178.669,219.471,218.960,216.255,209.636,204.822,202.951,196.925,216.258,208.715
1958-10-01,193.277,192.165,188.141,184.875,179.701,177.356,174.843,176.319,181.728,218.079,217.128,213.325,209.360,204.434,201.997,200.087,218.351,211.961
1958-11-01,192.656,190.600,187.834,185.476,181.069,180.740,178.097,182.846,184.621,217.346,215.209,212.359,210.199,205.755,205.578,203.105,224.254,214.660
1958-12-01,190.206,188.679,188.169,184.620,181.553,183.987,181.063,186.693,189.089,214.988,213.177,212.968,209.204,206.583,208.654,205.765,229.047,219.472
1959-01-01,189.652,187.044,186.409,183.274,181.567,184.311,183.262,192.080,192.396,214.161,212.069,211.489,208.275,206.485,209.108,208.217,234.260,222.727
1959-02-01,187.630,185.633,186.838,184.738,183.534,186.533,186.575,196.857,193.789,212.456,210.652,211.584,209.709,208.092,211.733,211.052,239.162,223.806
1959-03-01,186.128,184.633,185.624,182.802,182.256,184.649,186.455,195.492,193.458,210.811,209.130,210.439,207.299,206.934,209.414,210.984,237.179,223.259
1959-04-01,183.895,184.763,184.348,181.143,179.242,180.929,183.518,190.751,189.055,208.797,209.468,209.245,205.828,204.007,205.529,208.171,232.263,219.034
1959-05-01,181.659,183.003,183.204,180.147,176.676,177.481,177.102,182.418,185.103,206.671,207.643,208.077,204.959,201.277,201.894,201.966,223.587,214.939
1959-06-01,183.051,184.823,181.785,179.953,173.654,172.214,168.431,170.048,177.644,207.860,209.753,206.510,204.037,198.289,196.683,192.978,211.792,207.685
1959-07-01,186.613,187.761,186.327,180.985,175.176,173.932,168.054,168.306,174.110,211.553,212.677,210.976,205.635,199.747,198.426,192.895,210.231,204.730
1959-08-01,191.256,192.287,189.455,184.622,178.384,177.282,174.310,170.652,177.436,216.122,217.086,214.236,209.606,202.931,201.701,199.026,212.837,207.602
1959-09-01,190.602,190.900,188.329,183.573,179.670,177.392,174.791,173.568,178.131,214.996,215.737,212.782,208.266,204.194,202.190,198.970,215.064,208.339
1959-10-01,187.370,185.340,182.746,179.519,174.179,174.067,171.880,174.649,181.667,212.470,210.091,207.891,204.567,198.862,198.470,196.360,216.993,211.302
1959-11-01,187.649,185.903,183.024,181.229,176.139,177.556,175.217,179.414,183.756,212.544,210.668,207.852,205.673,200.622,202.411,199.622,221.371,213.811
1959-12-01,187.291,185.005,183.027,181.925,177.737,182.211,179.019,185.074,188.158,211.992,209.683,208.080,206.648,202.146,206.502,203.880,226.720,218.158
1960-01-01,186.944,183.600,184.730,182.903,180.678,184.482,184.869,189.735,192.913,211.236,208.638,208.966,207.546,205.382,209.290,209.262,231.864,223.161
1960-02-01,185.315,183.392,184.322,184.120,182.774,186.213,186.742,195.179,192.687,209.828,208.323,209.132,208.909,207.410,210.687,211.530,236.826,222.775
1960-03-01,183.047,182.414,183.549,181.989,182.460,185.632,187.237,192.730,190.932,207.465,207.092,208.023,206.925,206.904,210.355,211.739,234.593,221.379
1960-04-01,182.954,184.625,185.292,183.095,181.796,182.063,184.621,186.395,188.497,207.643,209.769,210.358,207.680,206.724,206.800,209.275,229.656,219.062
1960-05-01,184.130,185.835,185.787,183.290,180.690,179.817,178.710,179.130,183.676,208.887,210.542,210.820,208.029,205.370,204.287,203.467,221.925,214.629
1960-06-01,182.064,183.635,181.664,178.559,171.213,170.602,167.167,168.040,175.338,207.111,208.347,205.931,202.932,196.584,195.021,192.083,210.158,205.975
1960-07-01,187.583,188.864,188.240,182.852,176.293,174.616,169.034,166.430,173.177,212.353,213.809,212.939,207.400,201.210,199.493,193.395,209.302,203.825
1960-08-01,192.208,193.720,190.681,186.200,179.221,176.677,173.515,169.378,176.583,216.814,218.054,215.263,210.823,203.772,201.614,198.831,210.981,206.441
1960-09-01,190.754,191.179,187.650,183.109,177.710,177.076,173.313,169.916,175.961,215.267,216.005,212.307,207.935,202.594,201.622,197.950,211.353,206.178
1960-10-01,190.881,190.064,186.578,183.312,179.725,178.165,175.250,173.098,180.616,215.213,214.643,210.997,208.292,204.593,202.751,199.772,215.575,210.705
1960-11-01,190.192,188.663,186.716,185.198,180.976,181.448,179.459,179.007,183.753,214.925,213.700,211.583,209.734,205.731,206.536,204.070,221.123,213.250
1960-12-01,189.419,188.159,186.767,183.813,180.991,183.378,179.816,182.431,186.967,213.891,212.812,210.916,208.655,205.593,207.865,204.152,224.109,216.563
1961-01-01,189.197,187.214,186.491,184.795,182.609,184.965,184.312,187.274,189.894,213.728,211.641,211.093,209.930,207.352,209.849,208.931,229.311,218.794
1961-02-01,187.441,185.735,185.758,186.044,183.961,187.150,186.929,193.019,191.194,211.923,210.838,210.446,210.957,208.546,211.905,211.519,234.970,220.826
1961-03-01,185.279,184.572,185.886,183.272,184.314,186.008,186.065,190.648,190.462,209.546,209.572,210.823,208.063,208.941,210.395,211.071,232.446,220.465
1961-04-01,185.120,186.412,186.077,183.398,183.024,183.273,184.577,184.583,185.874,209.712,211.101,210.440,208.099,207.458,207.790,209.491,227.287,216.067
1961-05-01,184.966,187.009,187.000,183.585,180.692,179.379,178.750,176.508,181.384,209.512,211.732,210.984,208.802,205.387,204.040,202.889,218.887,211.804
1961-06-01,181.832,183.327,181.634,178.456,171.987,171.255,167.435,166.000,173.333,206.795,207.823,206.283,203.576,196.844,195.953,192.118,209.180,203.886
1961-07-01,182.836,184.335,182.801,178.216,170.822,171.012,167.468,162.611,171.911,207.613,209.094,207.905,202.999,195.415,195.852,192.339,206.505,202.549
1961-08-01,186.062,186.777,184.939,178.984,170.338,170.165,169.304,163.868,172.636,210.762,212.128,209.826,204.515,195.113,194.901,194.329,208.202,203.787
1961-09-01,185.736,184.749,183.144,178.452,172.063,172.835,170.625,165.446,172.610,210.894,209.760,207.854,203.541,196.910,197.556,195.331,208.922,203.789
1961-10-01,186.238,184.399,181.453,178.795,173.331,175.056,173.221,169.291,175.962,210.898,208.994,206.303,204.214,198.158,199.433,197.577,213.024,206.844
1961-11-01,187.474,184.590,180.039,176.738,171.491,174.205,169.798,171.318,177.714,212.328,210.031,205.139,202.535,196.900,199.593,195.229,214.928,208.455
1961-12-01,187.840,184.050,178.530,174.825,169.917,176.019,171.174,174.749,178.801,213.215,210.028,204.058,200.679,196.169,201.778,196.991,218.565,210.477
1962-01-01,187.289,183.107,179.485,176.364,174.603,180.824,176.932,180.263,182.677,212.349,208.726,205.408,201.913,200.541,206.521,202.384,224.262,214.350
1962-02-01,185.782,182.006,179.764,177.789,175.151,181.945,180.385,185.337,182.827,211.295,207.598,205.362,203.743,200.768,207.245,206.085,228.514,214.864
1962-03-01,184.308,182.586,180.065,178.614,179.163,182.873,182.846,183.259,180.784,209.057,208.132,205.419,203.196,204.428,207.602,208.194,227.300,213.310
1962-04-01,183.002,181.775,178.558,174.216,174.880,177.333,178.313,177.709,176.088,208.859,207.443,204.571,199.828,200.411,202.923,203.931,221.370,208.520
1962-05-01,183.972,184.171,180.861,177.094,175.458,176.660,174.928,168.401,172.096,209.394,209.237,205.971,202.292,200.592,202.038,200.248,212.197,204.150
1962-06-01,190.426,192.284,187.886,183.787,180.764,176.033,168.522,157.027,167.845,217.014,218.735,213.887,210.461,208.103,203.018,194.942,201.085,199.404
1962-07-01,194.854,197.363,191.716,187.386,183.448,178.710,170.689,156.078,166.507,220.721,223.048,217.543,213.110,209.473,203.843,196.175,199.481,197.540
1962-08-01,196.355,198.518,192.885,187.151,180.517,178.272,172.569,156.227,167.580,222.031,223.676,218.319,212.101,205.828,203.301,197.563,199.973,198.246
1962-09-01,194.251,195.208,190.445,186.235,181.025,179.800,173.773,159.374,170.041,219.599,220.561,215.795,211.330,205.950,204.346,198.531,201.653,200.354
1962-10-01,193.540,193.112,188.651,185.983,182.609,180.308,176.838,165.654,174.102,218.543,217.995,213.787,210.929,207.667,205.210,201.771,207.642,204.312
1962-11-01,191.977,191.222,189.394,187.310,184.005,184.339,180.829,169.984,179.724,216.978,216.205,214.194,212.276,208.512,209.139,205.361,211.639,209.687
1962-12-01,191.675,190.489,188.434,186.214,183.389,186.158,182.573,175.773,182.531,216.707,215.211,213.350,210.786,208.604,210.709,207.235,217.230,212.085
1963-01-01,188.666,188.465,188.458,186.228,184.724,187.520,187.824,180.757,186.603,213.793,213.984,213.161,211.211,209.762,212.812,212.684,222.358,216.254
1963-02-01,187.245,187.186,188.702,187.091,186.019,188.694,189.119,185.962,187.360,211.934,211.796,213.508,212.208,211.368,213.746,213.821,227.536,216.864
1963-03-01,186.351,186.939,187.660,185.358,185.025,186.338,187.482,183.072,186.759,210.769,211.757,212.776,210.004,209.649,210.920,212.614,225.088,216.331
1963-04-01,185.325,186.588,186.960,183.665,182.611,182.191,183.457,178.025,182.022,210.419,211.678,211.658,208.474,207.213,206.931,208.168,219.275,211.675
1963-05-01,185.327,187.445,186.174,182.653,179.907,179.268,177.590,168.178,177.880,210.055,211.903,211.135,207.462,205.004,204.093,202.484,209.779,207.439
1963-06-01,182.895,184.028,181.374,178.160,170.510,169.094,166.401,157.684,168.567,207.341,208.832,206.289,203.094,195.023,193.757,190.874,199.270,198.915
1963-07-01,186.157,186.523,184.549,178.832,171.310,171.090,165.337,154.474,165.765,210.700,211.412,209.482,203.844,196.217,195.325,190.245,197.565,196.248
1963-08-01,189.664,191.484,189.206,182.701,175.986,174.885,171.685,157.816,168.723,215.026,215.966,214.290,207.681,200.839,199.257,196.784,199.118,198.837
1963-09-01,190.369,190.674,187.138,181.756,177.227,176.487,171.873,159.489,168.981,215.030,214.999,211.846,207.048,201.791,201.019,196.290,200.704,199.661
1963-10-01,188.667,188.438,185.217,181.669,177.298,177.007,174.623,163.830,173.963,213.776,213.303,209.620,206.592,202.117,201.625,199.360,204.782,203.753
1963-11-01,188.447,188.136,184.628,183.344,178.460,180.177,177.560,168.050,176.196,213.173,212.526,209.300,208.305,203.222,204.520,202.405,209.220,206.291
1963-12-01,187.821,186.189,186.265,182.829,179.978,183.752,181.076,173.929,181.114,212.570,211.078,211.107,207.560,204.939,208.507,206.069,214.260,210.980
1964-01-01,185.028,183.448,185.855,184.146,182.740,185.902,187.319,182.732,188.292,209.982,208.715,210.962,209.076,207.597,210.857,212.301,223.081,217.872
1964-02-01,182.745,181.279,184.823,184.525,183.310,186.559,189.216,187.382,189.591,207.714,206.368,209.473,209.597,208.165,211.202,214.566,228.200,219.172
1964-03-01,181.585,181.572,184.366,183.429,184.313,184.782,187.688,183.966,188.507,206.212,206.396,209.010,208.321,208.890,209.941,212.447,225.688,218.029
1964-04-01,180.263,182.317,183.162,181.635,180.963,181.294,185.082,179.392,183.868,204.932,206.912,208.025,206.264,205.766,206.189,210.018,221.310,213.230
1964-05-01,183.437,186.084,187.186,184.333,180.911,179.942,179.437,170.334,180.501,208.175,210.817,211.643,208.996,206.047,204.788,204.152,211.951,210.238
1964-06-01,183.381,185.816,183.681,180.667,175.451,172.920,169.518,159.692,172.390,208.295,210.830,208.696,205.540,200.422,197.626,194.256,201.711,202.073
1964-07-01,195.389,197.169,193.798,188.039,183.485,178.841,170.112,157.327,171.005,220.513,221.615,218.902,212.849,208.207,203.787,194.978,197.378,199.685
1964-08-01,202.895,205.261,198.063,191.209,185.792,181.037,170.514,159.338,171.388,227.867,230.436,223.515,216.419,211.683,206.723,196.139,198.757,200.497
1964-09-01,199.281,199.021,194.030,188.149,184.958,181.565,172.846,166.805,174.810,224.621,224.593,219.127,213.045,210.184,206.634,197.737,204.200,202.820
1964-10-01,197.039,195.471,191.727,187.171,184.172,179.922,175.175,171.530,178.933,222.183,220.593,216.564,212.185,209.102,205.069,200.504,208.963,206.424
1964-11-01,194.864,192.542,190.421,187.296,184.127,182.545,179.844,177.486,183.616,220.064,217.946,215.710,212.192,209.181,207.529,205.218,214.570,211.341
1964-12-01,193.261,192.369,190.285,186.546,183.902,185.760,181.877,181.707,186.651,218.124,217.409,215.486,211.720,208.813,210.744,206.886,219.036,214.278
1965-01-01,191.942,189.728,189.245,186.677,185.998,187.762,186.815,187.553,190.337,216.950,214.947,214.214,211.971,210.936,212.301,211.972,225.227,217.817
1965-02-01,189.690,188.673,190.156,187.653,186.233,188.946,189.170,192.751,190.995,214.939,213.810,214.911,212.287,211.648,213.506,213.809,230.455,218.952
1965-03-01,187.410,187.865,189.258,185.977,186.456,187.320,188.479,189.237,190.588,212.489,213.153,214.510,211.155,211.982,212.058,213.558,226.889,218.864
1965-04-01,185.689,188.639,188.251,184.502,185.350,183.973,185.628,183.398,186.415,210.584,213.527,213.283,209.837,210.716,208.679,210.474,222.250,214.726
1965-05-01,194.904,197.335,193.520,188.407,185.981,181.720,175.423,174.577,178.871,220.344,222.868,218.874,213.628,211.763,207.801,201.434,214.166,207.823
1965-06-01,193.299,196.322,191.159,185.289,180.352,175.099,166.123,160.941,171.317,218.548,221.564,216.101,210.677,205.634,200.603,192.179,200.552,200.110
1965-07-01,193.461,196.652,191.945,184.024,177.900,173.217,166.523,159.357,167.978,218.016,221.857,216.984,209.235,202.447,198.560,191.471,198.564,197.449
1965-08-01,196.878,198.145,192.947,185.609,179.632,176.151,170.151,163.724,172.704,221.779,223.086,218.336,210.939,204.363,201.113,195.507,203.305,201.439
1965-09-01,194.241,193.988,189.700,183.571,179.946,177.823,171.390,168.848,172.988,219.274,219.200,215.340,208.961,205.039,202.907,196.496,207.631,201.370
1965-10-01,192.123,191.959,187.923,183.286,179.611,178.118,176.890,173.808,178.851,217.423,217.223,213.219,208.292,204.673,202.709,201.725,211.528,206.272
1965-11-01,192.173,189.430,188.393,185.888,181.567,182.030,179.270,178.983,182.967,217.118,214.283,212.891,210.788,206.422,206.850,204.268,216.858,210.384
1965-12-01,190.061,188.906,188.188,184.823,181.798,184.951,181.305,182.928,186.145,215.071,214.139,213.624,210.009,207.146,209.513,206.597,220.752,214.228
1966-01-01,190.340,188.346,187.972,185.158,183.646,186.800,186.319,187.891,189.728,215.128,213.373,213.206,210.313,208.420,211.815,211.094,226.413,217.738
1966-02-01,186.793,185.828,186.765,183.664,183.622,186.690,186.650,194.093,191.528,211.249,210.631,211.939,209.139,208.217,211.759,211.256,232.358,219.241
1966-03-01,183.894,182.602,183.495,180.374,180.291,182.405,185.109,192.416,191.836,208.397,207.976,208.412,205.386,205.273,207.082,209.883,229.970,219.680
1966-04-01,183.504,185.064,185.421,182.861,181.373,181.862,184.254,186.271,187.978,208.229,209.471,210.337,207.304,205.824,206.423,208.835,224.825,215.750
1966-05-01,184.337,186.928,186.887,184.172,181.046,179.742,180.368,177.231,182.901,209.044,211.450,211.640,208.931,205.497,204.026,205.042,215.518,211.077
1966-06-01,184.074,186.522,184.345,181.201,175.924,172.378,169.750,164.072,174.927,209.181,211.481,209.151,205.853,200.902,197.230,194.615,203.675,203.176
1966-07-01,190.492,192.067,190.377,185.219,178.547,176.237,169.166,163.011,172.303,215.242,216.687,215.167,209.988,203.385,201.150,194.250,201.899,200.597
1966-08-01,193.884,194.301,191.405,184.624,178.339,176.519,172.588,165.362,174.010,218.767,219.118,215.685,209.485,203.098,201.250,197.120,204.072,201.683
1966-09-01,192.078,192.549,189.293,183.856,178.888,177.385,171.586,167.298,174.377,216.712,217.276,213.632,208.516,203.356,201.843,196.653,205.563,203.020
1966-10-01,191.328,189.951,185.406,182.946,177.288,177.604,174.360,170.899,177.464,216.223,214.354,210.029,207.525,202.395,202.236,198.872,209.062,205.212
1966-11-01,191.142,188.317,185.696,183.238,178.410,179.508,175.822,174.099,179.971,215.928,213.245,210.152,208.145,203.104,203.945,200.570,212.817,208.109
1966-12-01,191.036,188.647,185.778,182.268,179.631,181.884,177.461,178.070,182.129,215.788,213.410,210.685,207.118,204.216,206.324,201.975,216.536,210.403
1967-01-01,190.864,188.055,186.015,183.308,180.709,184.647,182.808,183.620,185.469,215.657,212.714,211.068,208.415,205.192,209.420,207.456,222.444,213.579
1967-02-01,188.877,186.864,186.249,183.993,182.493,186.261,184.524,189.517,186.290,213.619,211.509,210.832,208.905,207.415,210.794,209.135,227.549,214.333
1967-03-01,186.220,185.042,183.880,181.145,181.345,185.021,185.122,185.312,186.459,211.446,209.742,208.654,206.461,205.277,209.668,209.757,223.604,214.327
1967-04-01,184.165,185.470,183.889,180.241,179.341,180.702,182.671,181.227,181.696,208.818,210.221,208.993,205.404,204.236,205.365,207.165,219.848,209.465
1967-05-01,185.863,186.056,184.997,181.493,178.375,178.155,178.085,172.972,176.466,210.502,211.585,209.853,206.563,203.356,202.952,202.943,211.166,205.130
1967-06-01,181.360,182.142,178.057,173.715,167.666,167.333,163.697,158.352,168.720,206.426,207.627,203.562,199.364,192.485,191.914,188.837,197.426,197.339
1967-07-01,187.089,187.121,184.227,179.475,172.480,171.782,165.780,157.683,166.065,212.137,212.249,209.451,204.765,197.304,196.334,190.336,196.096,194.463
1967-08-01,188.524,187.961,184.026,179.038,170.733,170.963,167.786,160.097,167.882,213.580,213.229,209.224,204.002,195.813,196.095,192.754,198.832,196.300
1967-09-01,188.227,186.184,181.668,176.560,171.389,172.088,168.188,160.248,167.042,213.454,211.345,207.093,201.828,196.171,197.234,192.806,199.057,196.005
1967-10-01,187.910,185.448,181.361,177.908,172.442,173.917,171.303,164.711,169.688,213.088,211.044,206.183,202.809,197.264,198.538,196.202,203.424,198.766
1967-11-01,187.774,183.904,180.484,179.505,174.598,177.081,174.092,168.073,172.805,212.883,209.156,205.751,204.302,199.310,202.150,199.361,206.348,201.953
1967-12-01,186.410,183.169,180.655,177.926,174.366,179.974,175.239,171.975,175.289,212.010,208.868,206.005,202.917,199.385,204.554,200.091,211.485,204.873
1968-01-01,185.105,182.957,181.268,179.235,178.514,183.037,183.211,177.743,181.075,210.092,208.023,205.852,204.283,203.783,207.703,208.137,216.748,209.770
1968-02-01,184.447,182.180,181.414,181.509,180.989,186.061,187.174,183.874,182.087,209.207,207.162,206.042,206.516,205.663,210.311,211.814,222.049,211.667
1968-03-01,182.234,181.010,182.398,180.915,181.767,184.160,186.396,179.440,181.382,207.167,205.468,206.756,205.536,206.823,208.618,211.323,218.970,210.756
1968-04-01,184.458,185.247,184.920,182.433,181.908,182.876,183.490,176.152,178.622,209.456,210.253,209.975,207.283,206.817,208.106,209.179,215.364,207.493
1968-05-01,186.813,189.262,188.916,186.427,184.947,183.372,181.350,167.731,173.871,211.654,214.470,214.028,211.319,209.628,207.901,206.756,208.066,203.385
1968-06-01,187.054,189.849,186.158,183.549,178.294,175.173,169.741,155.437,166.954,212.491,214.546,211.484,208.498,203.367,200.315,195.019,195.923,195.568
1968-07-01,189.382,192.181,189.609,184.467,178.116,175.642,169.458,152.448,164.711,214.250,216.564,214.166,209.427,202.982,200.342,194.766,193.218,194.220
1968-08-01,195.722,196.912,193.436,188.056,182.586,180.338,175.033,158.169,170.988,220.749,221.502,218.163,212.654,207.862,205.464,199.775,197.054,199.195
1968-09-01,190.778,191.817,190.143,185.584,182.184,180.287,176.560,165.102,173.779,216.366,217.093,215.084,210.903,207.736,205.360,201.998,203.300,201.272
1968-10-01,192.658,192.097,189.503,186.538,182.703,182.333,178.828,169.586,179.501,218.111,217.207,215.336,211.591,208.183,207.496,204.249,206.274,207.232
1968-11-01,186.392,183.291,185.808,185.612,182.720,182.360,183.174,180.484,188.680,212.340,210.530,212.749,212.149,209.585,209.416,209.862,217.809,216.088
1968-12-01,185.299,183.898,186.397,184.318,182.846,184.837,184.433,185.615,190.797,211.599,210.539,212.994,210.132,208.576,210.862,210.707,223.011,217.961
1969-01-01,183.736,181.453,186.221,185.181,185.517,187.136,189.236,190.153,196.087,210.665,208.610,212.980,210.861,211.766,213.299,215.609,228.565,224.075
1969-02-01,182.091,181.330,184.892,186.182,184.984,187.689,190.350,196.654,197.912,208.301,207.645,211.224,211.784,210.539,213.523,215.985,234.297,224.850
1969-03-01,180.873,181.491,185.501,183.862,184.627,186.940,189.479,193.649,195.806,206.946,207.599,211.635,209.281,209.926,212.232,214.487,232.110,223.455
1969-04-01,182.231,184.655,187.796,184.669,185.353,185.220,186.431,186.610,191.860,207.341,210.626,213.304,209.681,211.016,210.092,211.757,224.875,219.974
1969-05-01,182.219,186.311,187.922,185.452,184.007,181.759,182.496,178.272,186.962,208.412,211.817,213.902,210.599,209.448,206.831,207.825,218.323,215.674
1969-06-01,180.255,182.907,183.132,180.397,174.674,172.111,170.535,167.488,179.575,205.742,208.580,207.966,205.678,199.743,197.143,195.339,207.403,208.385
1969-07-01,189.747,189.807,190.072,184.479,179.295,175.919,170.100,170.293,177.667,215.231,215.605,215.668,209.858,204.227,201.003,195.546,208.154,206.210
1969-08-01,193.633,193.642,192.007,185.228,179.479,177.048,173.429,171.958,180.018,218.603,218.897,217.359,210.864,204.919,202.217,198.648,210.478,208.414
1969-09-01,192.004,192.390,190.382,184.287,180.878,178.723,174.632,174.678,180.090,217.375,217.746,215.750,209.633,205.307,203.533,199.078,212.843,208.173
1969-10-01,191.761,190.192,187.997,184.781,180.048,179.851,176.265,176.717,183.019,216.553,215.171,212.905,209.617,204.661,204.824,201.365,215.200,211.166
1969-11-01,191.729,188.912,188.124,184.779,180.318,181.070,178.042,182.715,186.419,216.547,213.751,213.269,209.962,205.356,205.389,202.279,219.971,214.388
1969-12-01,188.845,187.198,187.282,184.172,182.057,184.417,181.444,186.954,189.990,214.021,212.362,212.161,208.835,206.807,209.620,206.393,225.337,218.213
1970-01-01,188.210,186.762,186.739,186.215,184.266,186.650,186.673,191.217,194.385,213.225,211.369,211.781,211.111,209.075,211.885,211.369,230.169,222.776
1970-02-01,185.366,184.897,187.680,185.880,185.351,187.801,189.876,198.154,195.802,210.385,209.796,213.038,210.886,210.314,212.694,214.872,237.317,224.429
1970-03-01,183.903,184.592,186.897,185.655,185.702,187.030,190.265,194.658,194.631,208.892,209.555,212.293,210.576,210.667,211.891,214.760,234.543,223.613
1970-04-01,184.131,186.551,188.615,184.732,185.639,185.127,185.941,187.882,188.728,209.965,211.561,214.477,210.214,210.831,210.376,210.993,228.903,218.276
1970-05-01,182.252,185.777,186.831,183.616,179.845,178.466,179.929,181.016,185.389,207.675,210.496,211.802,208.292,204.606,203.338,204.129,222.367,214.619
1970-06-01,184.981,186.852,185.636,181.510,176.579,173.663,169.472,168.540,177.373,209.894,212.254,210.800,206.413,201.494,198.739,194.303,209.327,206.717
1970-07-01,199.997,201.546,198.218,191.205,188.161,181.758,169.415,167.815,175.009,226.054,227.663,223.750,216.712,213.620,207.981,195.848,208.376,204.082
1970-08-01,201.704,203.344,198.411,191.786,186.940,181.642,173.747,171.412,177.764,227.376,228.615,223.855,216.924,212.322,207.603,198.635,210.952,206.343
1970-09-01,200.394,200.894,194.513,188.733,183.920,180.385,173.081,170.586,177.793,225.419,226.038,219.840,213.676,209.229,205.692,197.823,210.482,206.241
1970-10-01,197.711,196.217,191.879,186.621,182.902,179.572,174.815,176.015,180.949,222.520,220.762,217.089,211.971,208.074,204.283,199.895,215.864,209.057
1970-11-01,196.275,195.194,190.947,188.309,182.773,182.378,177.823,179.549,184.797,221.369,220.177,215.859,213.466,207.762,207.342,202.404,218.971,213.499
1970-12-01,196.351,194.711,190.833,186.168,181.900,183.847,178.523,183.962,186.778,221.447,219.504,215.577,211.189,207.081,209.021,203.375,222.714,215.248
1971-01-01,194.946,192.395,189.745,186.100,183.875,185.894,183.045,189.151,189.671,219.933,217.421,214.276,211.160,209.452,210.808,207.826,227.922,218.170
1971-02-01,192.591,191.390,189.792,186.129,184.969,186.042,184.863,194.461,191.703,217.475,215.996,215.118,211.652,209.776,211.034,209.133,232.771,219.959
1971-03-01,190.461,189.592,188.588,185.489,184.600,185.470,186.124,190.689,191.347,215.765,214.379,213.628,210.592,209.570,210.006,210.739,230.162,219.823
1971-04-01,188.553,190.140,189.181,185.110,184.112,183.845,184.488,185.510,185.931,213.613,215.194,213.861,209.984,208.818,208.541,209.510,225.215,214.584
1971-05-01,189.533,191.513,189.252,184.386,182.421,179.760,178.788,176.765,182.149,213.972,216.153,213.997,209.829,207.246,204.781,203.580,217.132,211.250
1971-06-01,190.240,192.572,187.518,183.047,177.459,173.989,169.204,164.805,173.781,215.210,217.636,212.590,207.944,202.131,199.084,194.148,204.585,203.001
1971-07-01,191.835,194.573,191.015,184.477,177.547,175.805,169.169,162.486,170.770,217.077,219.667,216.199,209.576,202.315,200.718,193.969,202.857,200.102
1971-08-01,196.908,198.340,193.676,187.799,180.250,178.298,172.523,166.449,174.313,221.792,223.464,218.278,212.635,204.878,203.160,197.280,206.295,203.213
1971-09-01,195.822,196.100,191.673,186.292,181.343,179.359,172.067,167.450,175.557,220.843,220.777,216.637,211.201,205.820,204.357,197.078,206.826,203.831
1971-10-01,194.378,192.368,187.896,184.832,180.183,180.186,175.509,173.395,180.399,219.659,217.546,212.926,209.618,205.023,204.566,200.495,211.955,208.086
1971-11-01,192.362,189.467,186.659,183.749,178.797,178.719,176.024,178.732,182.991,217.084,214.616,211.436,208.818,203.827,203.378,200.494,217.602,211.107
1971-12-01,189.569,184.101,178.694,173.057,166.194,171.223,164.439,183.900,182.431,217.052,211.028,205.957,201.018,194.118,198.695,192.528,221.085,210.457
1972-01-01,190.437,183.141,178.339,173.337,170.113,175.451,170.811,187.763,185.713,218.020,210.250,205.877,201.441,197.568,202.614,198.560,225.351,214.212
1972-02-01,187.242,181.552,177.664,173.961,172.578,178.579,175.750,193.989,186.650,214.918,209.070,204.921,201.346,199.404,204.207,201.826,230.764,215.183
1972-03-01,183.637,177.823,174.555,169.138,168.786,175.501,175.263,191.337,185.436,212.421,206.472,202.866,197.466,196.800,202.469,202.278,228.588,215.006
1972-04-01,185.155,183.078,178.798,172.981,173.365,177.382,175.649,185.239,181.059,212.812,209.696,205.681,199.965,200.362,203.771,201.779,223.031,210.398
1972-05-01,186.275,185.630,180.024,176.311,174.119,174.746,172.370,176.821,175.973,212.784,212.379,206.094,202.504,200.158,200.140,197.921,214.289,204.921
1972-06-01,184.296,182.097,176.328,172.569,166.760,167.273,163.418,164.880,168.819,210.891,208.119,202.095,198.043,192.196,192.167,188.353,202.657,197.720
1972-07-01,197.354,196.906,189.957,184.160,179.693,176.707,164.980,160.203,169.506,224.430,224.468,217.240,212.005,207.274,204.133,192.064,201.389,200.066
1972-08-01,200.725,200.812,192.717,185.588,180.824,177.972,169.832,163.614,170.852,227.013,226.508,218.458,212.051,206.603,203.427,195.731,203.284,200.979
1972-09-01,194.760,194.689,189.467,184.518,181.823,178.988,174.505,170.283,174.832,220.223,219.679,214.612,209.403,206.959,204.416,199.249,208.072,203.113
1972-10-01,194.293,192.643,187.122,184.807,180.750,179.944,176.121,173.314,179.242,219.066,217.766,211.975,209.500,205.751,204.477,200.812,211.207,207.558
1972-11-01,194.410,190.979,187.112,185.297,181.009,181.430,177.439,177.937,182.319,218.972,215.688,211.533,210.101,205.786,205.830,202.061,215.544,210.650
1972-12-01,190.311,188.695,187.723,185.364,182.155,185.389,180.908,182.795,186.959,215.620,214.182,212.719,210.111,207.156,210.258,205.792,220.548,215.004
1973-01-01,189.161,186.366,186.465,184.861,184.371,186.994,186.177,189.510,189.443,214.148,211.489,211.531,209.616,209.147,211.607,211.043,227.371,217.778
1973-02-01,188.325,186.694,186.571,185.307,185.438,187.020,188.166,195.522,191.164,212.779,211.316,211.001,209.944,210.647,211.764,212.804,232.808,219.189
1973-03-01,186.170,185.889,187.772,184.856,185.604,186.118,188.601,191.572,190.812,211.287,210.767,212.307,209.356,210.718,210.776,213.248,230.441,218.888
1973-04-01,187.306,187.987,188.629,184.392,184.516,183.416,183.152,186.567,185.702,212.181,213.168,213.655,209.394,209.831,208.866,208.550,225.506,213.921
1973-05-01,191.761,193.361,190.656,186.283,184.333,182.006,176.064,177.193,179.951,216.734,218.715,215.952,211.572,209.812,207.318,201.821,216.827,208.351
1973-06-01,191.035,192.817,189.928,183.877,178.782,175.169,168.344,164.897,172.241,215.880,217.861,214.979,209.104,204.055,200.530,193.404,204.776,200.395
1973-07-01,192.183,194.297,190.755,183.693,176.877,173.925,167.693,161.884,169.037,217.052,218.655,215.722,208.439,201.806,199.205,192.417,202.089,198.152
1973-08-01,195.551,197.052,193.551,186.614,179.316,176.966,171.420,165.054,171.806,220.548,221.926,218.490,211.313,204.041,201.845,196.424,204.685,200.592
1973-09-01,194.615,194.305,190.612,184.282,180.659,177.447,172.476,168.333,173.813,219.842,219.123,215.615,209.222,205.197,202.196,196.995,206.871,201.823
1973-10-01,193.666,191.999,187.832,184.228,179.230,177.968,174.006,172.590,176.311,218.781,216.662,212.547,208.933,203.821,202.656,198.298,210.772,204.535
1973-11-01,193.434,190.615,188.285,185.978,182.126,181.660,177.996,176.883,180.846,217.797,215.398,213.152,210.574,207.131,206.272,202.531,215.417,209.154
1973-12-01,189.865,189.215,187.433,184.464,182.641,183.696,180.620,182.858,184.201,215.449,214.029,211.949,209.693,207.335,208.513,205.801,221.611,211.859
1974-01-01,190.424,189.016,187.086,184.366,183.951,185.820,183.994,186.893,186.743,215.531,213.871,211.896,209.324,208.803,210.691,208.701,225.724,214.892
1974-02-01,188.237,185.463,186.100,183.794,181.674,185.179,185.360,193.233,189.873,213.028,210.699,210.743,208.868,206.452,210.223,210.003,231.868,218.136
1974-03-01,183.678,181.932,182.109,178.854,178.542,182.411,184.406,189.586,189.417,208.971,206.960,207.503,204.448,203.236,207.136,209.538,229.082,217.625
1974-04-01,182.156,182.352,180.872,177.868,176.867,178.531,180.286,184.365,184.375,208.084,207.466,205.979,203.452,201.645,203.249,205.645,223.891,213.086
1974-05-01,175.431,174.794,173.100,168.304,164.452,166.426,168.013,176.938,178.987,203.033,201.869,200.318,196.346,191.684,193.334,194.986,217.843,209.503
1974-06-01,162.548,159.126,159.450,154.110,147.974,153.409,157.435,167.054,174.035,192.178,189.065,188.856,185.162,177.024,182.105,186.312,212.567,208.388
1974-07-01,178.415,177.028,174.669,170.522,164.416,166.560,162.323,163.917,172.388,205.909,204.185,201.939,197.574,191.756,193.539,188.432,208.538,205.276
1974-08-01,181.514,178.308,174.907,170.066,163.219,167.236,164.891,167.173,172.415,208.719,205.767,202.141,196.975,189.962,193.604,191.111,211.482,206.101
1974-09-01,187.089,183.329,181.208,176.572,173.311,174.320,170.122,168.763,175.413,212.758,209.120,206.465,202.997,199.296,199.744,195.231,212.310,207.047
1974-10-01,186.943,182.799,179.186,177.673,174.528,174.171,171.914,173.080,179.293,212.502,208.041,204.672,203.362,199.847,199.830,197.333,215.295,210.124
1974-11-01,186.962,183.091,180.455,179.998,175.953,178.809,175.655,177.506,180.667,211.705,208.457,205.744,205.191,201.054,203.414,200.423,219.629,211.821
1974-12-01,186.696,183.417,181.218,179.689,177.918,181.532,178.486,182.077,184.940,212.193,208.735,206.327,204.785,203.209,206.495,203.275,224.434,215.779
1975-01-01,184.239,180.617,182.001,180.945,181.497,185.192,185.940,188.571,190.314,209.409,205.721,207.475,206.280,206.681,210.079,211.027,231.024,220.884
1975-02-01,182.436,179.937,182.714,183.403,182.764,186.093,188.382,194.778,192.199,206.988,204.753,207.787,208.154,207.524,210.546,212.964,236.839,222.047
1975-03-01,182.427,179.710,182.923,181.987,183.092,185.191,187.909,191.161,192.045,207.214,204.871,208.027,206.634,207.929,209.863,212.948,233.428,221.760
1975-04-01,181.079,181.482,183.122,181.395,182.187,182.383,185.576,187.425,187.201,205.858,206.691,207.661,206.072,206.538,206.835,210.396,228.901,216.478
1975-05-01,190.523,191.716,188.944,185.392,184.008,180.947,174.873,175.873,178.186,215.605,217.038,214.578,210.545,209.087,206.372,200.778,218.421,208.943
1975-06-01,185.974,186.292,180.872,177.520,171.362,168.311,162.362,165.254,170.628,211.559,211.830,206.247,202.997,196.271,193.483,187.899,208.620,202.160
1975-07-01,190.444,189.634,188.354,182.520,177.459,174.540,167.953,168.702,174.165,215.764,215.688,214.002,208.074,203.276,200.213,193.680,210.783,204.165
1975-08-01,196.152,195.357,192.428,184.515,178.902,175.867,171.399,171.465,175.239,221.301,220.333,217.788,209.542,203.675,200.739,196.388,211.849,204.319
1975-09-01,193.413,192.359,190.237,183.052,179.323,177.426,172.551,173.085,176.537,218.332,217.456,215.200,208.212,204.297,202.232,197.526,213.694,205.612
1975-10-01,193.618,190.883,186.411,183.261,179.033,178.272,173.599,175.034,179.121,217.820,216.068,211.473,208.220,203.797,202.884,198.105,215.543,207.923
1975-11-01,191.304,188.965,186.853,184.469,180.525,181.285,177.941,181.661,183.799,216.224,213.738,211.754,209.058,204.916,205.754,202.805,221.695,212.740
1975-12-01,191.051,188.633,187.321,183.992,181.096,183.954,179.877,186.854,185.721,215.535,213.783,211.918,208.919,205.732,208.848,204.724,226.724,214.653
1976-01-01,190.579,186.643,187.296,185.007,184.426,186.646,185.542,191.797,190.269,215.220,211.343,211.975,210.032,209.217,211.519,210.079,232.144,218.251
1976-02-01,188.095,186.548,186.341,185.465,184.725,187.664,186.966,196.190,190.715,213.003,211.385,211.256,210.239,209.746,212.107,211.920,236.329,218.690
1976-03-01,180.115,177.445,179.651,177.782,176.149,179.273,183.047,195.693,192.403,205.607,202.911,205.283,203.149,201.710,204.728,208.898,238.855,222.981
1976-04-01,179.254,178.133,178.262,175.126,175.054,177.068,180.782,190.694,189.374,204.741,203.372,204.033,201.063,200.022,201.775,206.080,233.794,220.380
1976-05-01,180.566,181.441,182.270,179.979,176.731,176.893,177.043,182.822,185.715,205.901,206.770,207.021,205.090,201.647,202.207,202.352,226.135,216.688
1976-06-01,181.617,181.292,180.204,177.563,171.941,170.715,167.872,171.212,177.666,206.900,206.409,205.155,202.631,197.117,195.684,192.867,214.393,207.725
1976-07-01,187.401,186.451,186.075,181.093,175.677,174.006,167.776,167.182,174.888,212.187,211.331,210.926,205.484,200.490,198.668,192.632,209.376,204.979
1976-08-01,188.581,187.594,185.750,180.842,173.595,174.003,169.895,171.182,176.019,213.062,212.888,210.401,205.628,198.107,198.596,194.200,214.241,205.519
1976-09-01,187.597,186.369,183.286,179.001,173.712,173.327,170.300,172.060,176.292,212.069,211.188,208.239,203.637,197.896,198.363,194.589,215.280,206.224
1976-10-01,187.426,184.957,181.388,178.696,172.792,174.398,172.044,174.073,177.986,211.864,209.956,206.295,203.757,197.663,198.773,196.586,217.245,208.240
1976-11-01,188.871,185.475,183.623,182.243,178.131,178.758,176.133,179.927,182.703,213.156,210.228,208.338,207.002,202.734,203.287,200.679,222.071,212.775
1976-12-01,186.457,184.541,183.942,182.155,179.417,183.423,181.525,187.133,187.866,211.355,209.187,208.563,206.944,204.097,208.391,206.184,229.191,217.348
1977-01-01,185.125,182.159,184.551,183.193,182.378,186.230,186.111,192.599,191.485,209.917,207.492,209.144,208.041,207.170,210.838,210.665,234.401,220.900
1977-02-01,184.590,181.887,184.465,183.355,182.671,185.696,186.368,195.814,192.787,209.185,206.557,209.246,208.070,206.810,210.678,211.039,239.444,222.950
1977-03-01,183.320,182.120,183.509,181.887,183.085,185.691,186.596,193.558,193.108,208.047,206.541,208.146,206.597,207.523,210.289,211.353,236.220,222.652
1977-04-01,184.218,185.058,185.436,183.307,184.079,184.497,184.337,188.134,187.879,208.813,209.573,210.208,207.838,208.896,209.169,208.709,230.658,217.194
1977-05-01,180.117,181.960,182.461,179.609,176.118,176.515,177.388,181.063,183.877,205.064,206.579,206.877,204.470,200.432,200.812,201.399,223.032,213.344
1977-06-01,179.225,180.901,179.875,175.382,168.868,168.823,166.337,170.186,176.057,203.763,205.466,204.541,199.769,193.485,193.387,190.871,212.746,205.049
1977-07-01,188.466,189.319,188.172,183.874,177.554,175.816,171.257,168.908,175.722,213.159,213.987,212.387,208.625,202.769,200.590,196.040,210.727,204.927
1977-08-01,192.447,192.866,190.628,185.653,179.253,177.878,174.791,172.725,179.472,217.046,217.461,215.762,210.311,204.539,202.713,199.438,213.343,207.457
1977-09-01,192.321,191.444,189.126,184.364,180.603,178.908,174.850,173.902,179.001,217.543,216.458,213.967,209.318,205.394,203.603,199.326,214.637,207.610
1977-10-01,190.912,189.619,187.333,184.989,182.200,180.470,177.443,179.639,184.197,215.492,214.365,212.091,209.606,206.832,205.018,202.463,219.735,212.516
1977-11-01,189.557,187.566,186.675,185.798,182.283,182.850,181.285,184.651,187.794,214.809,212.573,211.552,210.520,207.737,207.190,206.445,225.506,215.751
1977-12-01,188.012,186.512,186.898,185.657,182.225,184.875,183.850,188.586,192.110,213.064,211.807,212.219,210.490,207.150,210.048,208.783,229.111,220.546
1978-01-01,187.041,185.012,186.497,184.626,182.985,186.140,185.940,193.634,196.508,211.975,209.778,211.497,209.613,208.054,210.962,210.845,234.193,224.481
1978-02-01,184.394,183.243,185.830,185.347,183.749,187.388,189.862,200.420,197.115,209.331,208.155,211.212,210.448,208.978,212.514,215.041,241.555,225.400
1978-03-01,181.764,180.733,183.937,182.177,181.670,182.957,186.076,197.075,198.422,206.730,205.829,209.195,207.547,206.486,207.884,211.213,240.442,227.224
1978-04-01,181.824,183.237,183.714,180.968,179.517,181.474,183.711,194.913,193.429,206.768,207.973,208.877,206.005,204.225,206.093,208.276,237.021,222.600
1978-05-01,181.905,184.100,184.470,180.147,177.583,177.162,178.085,184.179,189.575,206.779,208.807,209.275,205.381,202.234,201.352,202.473,226.240,218.741
1978-06-01,170.414,171.097,170.799,168.119,159.885,161.278,163.264,175.823,184.842,196.370,196.986,196.516,193.818,186.388,186.959,189.323,221.493,216.520
1978-07-01,184.617,184.602,183.118,178.567,171.267,169.883,164.468,172.682,180.901,209.955,210.096,208.133,204.081,196.869,195.494,189.940,218.255,211.971
1978-08-01,188.523,186.661,184.620,178.675,170.842,171.780,168.518,173.972,182.615,213.191,212.235,209.559,204.106,196.387,196.649,193.589,219.851,213.739
1978-09-01,187.191,186.230,183.536,179.031,174.240,174.266,169.930,174.035,181.844,212.080,211.100,208.417,204.260,199.184,198.779,194.711,220.321,212.928
1978-10-01,185.318,183.346,181.355,179.405,174.549,175.592,175.237,181.857,187.224,209.864,208.116,206.578,204.486,199.604,200.833,200.294,226.447,217.561
1978-11-01,185.955,183.559,181.770,181.526,177.066,178.726,176.656,185.185,190.869,210.716,207.974,206.708,206.482,201.868,203.781,201.241,229.492,221.074
1978-12-01,186.665,184.342,183.176,181.174,179.257,182.028,180.120,189.618,193.501,211.356,208.847,207.695,206.376,203.434,206.831,204.956,233.573,223.613
1979-01-01,185.585,182.877,184.070,182.363,181.866,184.885,185.158,196.057,197.174,210.472,207.633,208.543,207.507,206.229,209.494,209.483,240.032,227.046
1979-02-01,184.205,182.681,183.637,183.871,184.200,186.540,188.144,201.639,199.213,209.048,207.413,208.124,208.596,208.882,211.049,212.457,245.789,228.801
1979-03-01,182.925,182.056,184.043,181.995,182.492,184.374,185.808,198.407,197.957,207.690,206.519,208.547,206.587,206.870,209.286,210.467,241.596,227.183
1979-04-01,183.453,184.741,185.886,183.104,182.458,183.720,184.755,192.737,192.927,208.290,209.181,210.237,207.279,207.052,208.359,209.411,236.124,222.460
1979-05-01,180.994,182.563,182.718,181.388,177.424,177.773,178.939,186.553,189.482,206.180,207.326,207.491,206.194,202.190,202.233,203.722,228.806,218.858
1979-06-01,181.719,183.447,182.101,178.608,173.838,172.140,169.063,173.098,181.514,206.564,208.087,207.068,203.518,198.466,197.016,193.842,215.439,210.670
1979-07-01,185.532,185.779,187.532,183.130,177.683,175.168,172.192,174.278,182.664,210.850,210.996,212.894,208.585,203.106,200.530,197.414,217.647,212.447
1979-08-01,190.863,191.778,190.722,185.841,181.493,178.848,174.942,176.832,183.972,216.326,217.218,215.891,211.235,206.773,203.864,200.346,221.056,214.496
1979-09-01,188.791,189.402,189.103,185.682,181.931,178.930,177.613,179.496,184.417,214.392,215.484,214.421,211.390,207.347,204.613,203.007,223.631,214.239
1979-10-01,187.800,186.838,185.531,184.589,179.997,180.574,178.606,183.206,189.286,213.430,212.530,211.062,210.269,205.758,205.626,203.791,226.421,218.832
1979-11-01,186.519,184.790,185.517,185.473,182.982,182.213,182.830,188.533,194.470,212.088,210.105,211.043,211.005,207.974,207.564,207.998,232.190,224.071
1979-12-01,184.801,182.894,185.044,184.303,182.363,184.378,183.834,194.300,198.120,210.467,208.545,211.086,209.721,207.646,209.992,209.523,237.491,227.362
1980-01-01,183.521,181.618,185.540,185.449,184.324,186.802,188.083,200.108,201.287,209.092,207.176,211.031,210.333,209.625,211.820,213.154,243.325,230.464
1980-02-01,182.173,179.965,184.646,183.532,183.318,186.356,189.262,206.176,203.392,207.492,205.400,210.171,208.978,208.844,211.384,214.189,248.909,232.493
1980-03-01,180.945,181.675,185.268,184.586,185.435,186.467,189.446,202.154,201.668,206.249,207.488,211.166,209.860,210.952,211.549,214.227,245.689,231.407
1980-04-01,180.380,181.998,185.122,182.863,182.351,183.047,186.132,195.931,198.359,205.481,206.892,210.174,207.511,207.114,208.134,210.680,240.115,228.152
1980-05-01,180.868,184.020,185.852,183.121,180.384,179.530,179.977,187.195,193.050,206.068,208.886,211.277,207.957,205.316,204.196,204.991,230.632,223.072
1980-06-01,181.383,183.091,182.462,179.941,175.052,172.657,168.772,177.085,185.988,206.649,207.750,207.374,204.860,199.748,197.808,193.638,220.495,215.322
1980-07-01,188.800,189.976,189.256,184.250,177.973,176.155,169.388,173.881,182.874,213.592,215.289,214.469,209.410,203.129,200.629,194.094,216.440,212.560
1980-08-01,190.464,192.042,190.884,186.148,180.226,179.070,175.562,179.280,185.888,216.169,217.115,216.341,211.102,205.089,204.002,200.503,221.764,214.924
1980-09-01,192.891,191.790,190.329,184.118,182.473,179.238,172.148,182.757,185.306,218.566,217.435,215.909,209.817,208.089,205.279,198.602,226.314,214.753
1980-10-01,191.392,189.819,187.632,183.741,180.440,178.684,175.137,184.584,188.678,216.870,215.705,212.721,208.872,206.048,203.591,200.589,227.428,218.640
1980-11-01,190.405,188.812,188.062,185.506,182.273,182.569,178.626,190.636,192.204,215.823,214.399,213.184,210.739,207.217,207.419,203.350,233.245,221.552
1980-12-01,189.992,187.833,187.319,184.699,182.571,184.646,181.423,194.112,194.524,215.103,212.766,212.792,209.534,207.848,209.359,206.750,237.427,223.575
1981-01-01,187.811,186.059,186.514,184.775,184.569,187.415,185.541,200.041,199.051,213.047,211.588,211.927,210.049,209.908,212.653,210.553,243.319,228.552
1981-02-01,186.629,184.540,186.181,185.759,183.387,187.220,188.134,206.577,201.118,211.613,209.437,210.787,210.788,208.316,212.241,212.525,248.737,229.775
1981-03-01,184.582,184.146,185.514,183.538,184.826,185.780,188.813,201.366,199.308,209.541,209.176,210.589,208.159,209.995,210.818,213.782,245.143,228.888
1981-04-01,182.584,183.910,185.286,182.564,182.724,181.561,185.144,198.457,194.989,207.596,208.876,210.507,207.042,207.407,206.415,209.620,241.433,225.109
1981-05-01,183.570,185.505,186.380,182.582,179.348,178.796,178.920,188.832,192.154,208.187,210.286,210.874,207.184,204.257,203.543,203.061,231.898,222.001
1981-06-01,184.866,186.339,184.139,180.709,175.951,172.834,169.618,177.378,182.358,209.045,211.139,209.079,205.274,200.502,197.102,194.107,220.505,212.112
1981-07-01,190.171,191.901,191.668,186.192,181.801,177.917,172.000,174.793,180.552,215.034,216.953,216.600,210.981,206.739,202.917,196.955,217.600,210.330
1981-08-01,195.217,196.893,194.406,188.462,183.349,179.887,174.291,177.548,182.787,220.422,222.192,219.245,213.223,208.261,204.914,199.398,220.965,212.225
1981-09-01,193.911,193.379,191.188,186.540,183.837,180.298,175.223,181.036,183.206,219.103,218.754,216.591,211.748,209.023,205.218,200.471,224.473,212.601
1981-10-01,193.053,191.780,189.179,185.359,181.573,180.587,176.538,183.604,186.808,217.534,216.649,214.383,210.402,206.741,205.674,201.717,226.458,215.951
1981-11-01,190.938,189.966,188.561,186.334,182.866,183.069,180.483,189.496,190.319,215.654,214.983,213.715,211.180,208.009,208.329,204.991,232.585,219.559
1981-12-01,189.945,188.329,188.063,185.674,183.244,185.838,182.842,192.524,193.482,215.090,213.584,213.277,210.513,208.402,210.690,208.032,236.317,222.903
1982-01-01,188.245,187.076,188.188,185.209,184.675,187.128,187.568,198.507,197.834,213.349,211.862,213.110,210.433,209.808,212.464,212.693,241.716,227.750
1982-02-01,187.024,185.492,188.207,187.221,186.069,187.725,189.056,204.750,198.684,211.389,210.734,213.263,211.975,211.575,212.637,214.309,248.014,228.127
1982-03-01,185.003,185.473,187.544,184.511,186.112,186.853,188.223,200.885,198.014,210.035,210.396,212.345,209.660,211.092,211.547,212.672,244.407,227.731
1982-04-01,184.144,187.382,188.735,184.810,185.449,184.792,186.038,193.599,193.705,209.252,212.223,214.151,209.721,210.851,209.459,211.052,238.615,224.008
1982-05-01,188.382,191.383,191.108,187.487,184.684,182.207,179.297,183.553,184.930,213.774,216.615,216.339,212.271,209.908,207.190,204.706,229.307,216.093
1982-06-01,183.216,184.457,182.834,180.134,172.867,169.528,168.470,174.332,180.000,208.298,209.435,208.027,205.127,197.956,194.847,193.272,219.710,210.855
1982-07-01,185.479,187.692,186.870,181.386,174.339,172.649,168.100,171.779,177.802,210.371,212.524,211.843,206.316,199.303,197.484,192.942,217.390,208.788
1982-08-01,190.581,190.159,188.952,183.203,176.596,174.828,172.135,178.200,181.313,215.746,215.718,214.310,208.851,202.255,200.354,197.107,222.614,211.439
1982-09-01,190.450,187.659,187.002,182.627,177.560,175.946,171.866,179.380,181.579,215.412,213.556,212.904,207.556,202.295,200.917,196.851,223.879,211.550
1982-10-01,189.658,187.549,184.894,181.855,177.377,176.807,174.146,184.097,183.822,214.766,212.932,209.696,207.037,201.942,201.256,198.574,227.953,213.741
1982-11-01,188.130,185.718,185.721,184.232,179.426,180.325,178.839,188.231,188.924,212.919,210.517,210.755,208.852,204.027,204.999,203.309,233.040,218.929
1982-12-01,186.831,185.271,184.737,183.027,180.491,183.712,181.329,193.538,192.716,212.008,209.711,209.943,208.039,205.268,208.325,206.144,238.976,222.336
1983-01-01,185.881,183.578,185.754,183.525,183.530,185.838,186.525,197.556,197.119,210.674,208.750,211.189,208.609,208.701,211.205,211.683,243.088,227.249
1983-02-01,182.706,182.209,185.980,184.893,184.679,187.359,190.036,203.697,197.238,208.078,207.478,211.586,210.152,210.083,212.626,215.428,249.249,227.283
1983-03-01,180.778,179.931,183.898,182.353,182.979,184.851,188.726,201.423,197.996,205.944,205.856,209.436,207.350,207.974,210.616,214.274,247.738,228.299
1983-04-01,179.591,182.167,184.358,181.861,182.217,181.773,185.518,196.350,192.464,204.635,207.434,209.743,206.744,207.346,206.890,210.684,242.981,223.584
1983-05-01,182.995,184.488,186.133,184.169,181.938,179.450,179.471,189.002,188.851,208.148,209.585,211.437,209.105,206.887,204.449,204.359,235.750,219.660
1983-06-01,183.268,185.658,183.587,181.654,175.797,171.898,169.148,174.071,180.568,208.003,210.459,208.729,206.347,200.533,196.881,194.108,221.869,211.480
1983-07-01,188.735,189.997,188.852,183.294,176.958,175.637,170.413,173.169,176.610,213.738,214.445,213.664,207.933,201.895,200.037,194.938,219.950,207.912
1983-08-01,193.092,193.963,191.963,186.455,180.059,178.304,172.587,174.630,179.057,218.011,219.024,216.700,211.127,204.982,203.128,197.591,221.221,209.858
1983-09-01,190.651,190.460,189.112,184.465,182.006,179.533,175.388,178.743,180.450,216.095,215.722,214.396,209.966,207.048,204.811,200.390,224.448,211.121
1983-10-01,189.036,187.676,184.950,181.632,176.825,176.428,173.366,182.821,183.159,214.028,212.704,209.519,206.605,202.001,200.644,197.928,228.869,213.611
1983-11-01,187.721,186.369,185.645,184.605,179.934,180.764,179.198,187.313,188.218,212.849,211.273,210.732,209.400,204.973,205.691,203.956,233.678,218.629
1983-12-01,187.492,186.169,186.588,184.010,181.378,184.223,181.269,190.315,191.204,212.454,211.456,211.854,208.840,206.355,209.139,205.949,236.883,221.103
1984-01-01,186.107,184.445,186.341,184.655,183.110,186.362,186.297,197.817,194.235,211.228,209.226,211.372,209.519,208.277,211.141,211.478,244.371,224.641
1984-02-01,184.414,183.060,186.759,185.833,184.182,187.558,189.596,203.598,195.553,209.362,208.026,212.022,211.366,209.583,212.605,214.678,250.207,226.352
1984-03-01,182.402,183.356,185.652,184.355,185.512,186.278,188.912,199.676,196.172,207.668,208.205,211.434,209.536,210.292,210.908,213.561,246.650,226.400
1984-04-01,183.176,185.398,187.222,183.486,183.731,183.564,185.686,192.288,190.629,208.019,210.661,212.003,208.303,208.375,208.929,210.663,240.832,221.421
1984-05-01,180.567,183.192,186.031,182.799,180.412,178.586,180.107,185.272,186.425,206.057,208.855,211.165,208.227,205.452,203.530,205.570,233.927,217.583
1984-06-01,181.447,183.865,182.569,179.468,174.215,171.997,169.923,174.117,178.051,206.416,209.103,208.155,204.542,199.396,196.742,194.678,222.988,209.640
1984-07-01,183.061,184.695,184.229,179.657,171.934,171.373,167.249,171.218,175.281,207.623,209.639,210.142,204.944,196.983,196.198,192.361,219.862,206.897
1984-08-01,191.470,192.982,189.185,184.450,177.774,176.237,171.435,175.450,177.821,215.983,218.171,214.130,209.285,202.725,200.589,195.992,223.601,208.338
1984-09-01,191.671,191.513,189.135,184.005,179.768,177.561,172.690,176.312,178.368,216.500,216.452,214.237,209.162,204.640,202.118,197.189,224.422,209.375
1984-10-01,190.839,189.244,186.925,183.463,178.829,178.176,175.952,181.222,182.555,215.427,213.935,212.040,208.185,203.441,202.681,200.502,228.376,213.237
1984-11-01,190.110,188.693,186.548,185.873,180.558,181.517,178.840,184.635,185.482,214.732,213.460,211.243,210.173,205.129,206.006,203.673,232.604,216.014
1984-12-01,189.629,187.273,186.945,184.562,181.556,183.944,179.739,187.605,187.633,214.654,212.241,211.911,208.880,206.129,208.395,204.339,235.669,218.066
1985-01-01,187.877,187.294,187.430,185.640,184.270,186.913,186.878,193.925,192.157,212.624,212.169,212.011,210.348,209.437,211.898,211.355,241.963,222.411
1985-02-01,186.827,185.599,186.538,185.502,185.207,187.975,187.756,198.796,194.083,211.706,210.005,211.140,210.563,209.796,212.753,212.354,246.991,224.747
1985-03-01,186.130,185.519,186.961,183.790,185.385,186.885,187.713,196.563,192.604,211.032,210.004,211.490,208.879,210.237,211.567,212.506,245.473,223.547
1985-04-01,181.507,183.179,184.185,181.680,180.638,181.170,184.438,191.913,189.114,206.069,207.655,208.901,206.217,205.427,206.236,209.403,240.054,220.023
1985-05-01,177.515,179.689,181.129,178.533,174.840,174.552,177.407,185.216,187.930,201.942,204.484,205.754,203.609,199.445,199.260,202.585,233.059,218.535
1985-06-01,181.941,184.468,182.572,180.102,173.997,172.856,168.464,172.898,177.692,206.940,209.186,207.199,205.014,198.804,197.214,193.003,220.421,209.226
1985-07-01,186.687,188.744,186.872,182.053,176.523,174.648,168.288,167.546,176.298,211.442,213.929,212.053,206.664,201.023,199.086,192.999,215.658,206.782
1985-08-01,191.588,192.802,189.019,184.964,177.389,175.909,172.910,171.697,177.922,216.091,217.084,213.618,209.556,202.246,200.446,197.645,218.749,208.454
1985-09-01,188.345,187.664,185.198,180.414,174.472,173.939,169.523,173.541,177.558,212.910,212.697,210.218,205.430,199.363,198.857,194.715,221.271,208.712
1985-10-01,186.851,183.525,180.708,177.042,170.063,171.827,169.211,175.967,178.955,211.805,208.555,205.941,201.946,195.404,196.883,194.331,223.354,209.555
1985-11-01,186.235,182.405,180.166,178.945,172.188,175.348,172.472,181.399,182.660,211.220,208.147,205.163,204.470,196.936,200.549,197.387,228.693,213.151
1985-12-01,184.813,182.079,181.226,179.610,176.269,181.180,179.163,188.388,186.895,209.339,207.005,205.886,204.307,201.066,205.809,203.729,235.985,217.482
1986-01-01,184.236,180.969,181.895,181.362,178.505,183.712,183.449,193.007,190.243,208.996,206.067,206.693,205.722,203.245,209.007,208.242,240.362,220.710
1986-02-01,182.453,180.288,183.329,182.835,181.252,185.099,187.290,196.920,192.499,207.136,204.661,208.296,207.561,206.120,209.686,211.749,245.061,223.203
1986-03-01,181.962,181.212,182.937,182.258,181.306,184.873,187.304,193.342,192.367,205.955,206.112,207.804,207.532,206.286,209.110,211.710,242.594,222.986
1986-04-01,181.187,182.889,184.525,181.950,182.447,182.791,185.184,187.661,186.736,206.075,208.219,209.756,206.953,207.359,207.503,209.844,237.507,218.227
1986-05-01,182.729,184.499,186.130,183.309,180.944,179.788,178.370,179.906,181.370,207.402,208.866,210.593,207.670,205.552,204.356,203.465,229.458,213.103
1986-06-01,186.718,188.423,184.874,181.145,177.189,173.835,167.650,167.423,171.347,211.175,213.353,210.058,206.137,202.074,198.112,192.381,216.554,202.932
1986-07-01,192.848,193.464,191.224,184.520,179.736,176.708,167.647,164.532,170.735,217.480,218.458,216.140,209.012,204.267,201.568,192.986,212.865,201.717
1986-08-01,191.928,193.118,188.886,182.447,174.816,173.431,168.201,166.339,171.664,216.813,218.149,213.895,207.267,199.723,198.115,193.054,215.072,203.357
1986-09-01,191.566,191.999,187.864,182.880,177.367,175.805,170.521,168.024,171.997,216.508,216.648,212.484,207.572,202.072,200.512,195.121,216.459,203.255
1986-10-01,189.385,187.050,185.368,183.052,178.826,178.300,175.323,176.168,181.212,214.303,212.136,210.478,208.101,204.010,203.567,200.824,222.664,210.865
1986-11-01,189.178,187.216,186.424,184.505,180.779,180.939,178.821,182.437,184.656,214.235,212.365,211.339,209.085,205.815,205.427,203.190,230.334,214.397
1986-12-01,187.441,185.474,185.863,183.164,180.783,183.826,180.866,187.805,188.755,212.330,210.807,210.958,208.271,206.095,208.589,205.750,235.173,217.787
1987-01-01,186.874,184.933,186.143,183.530,183.180,186.148,186.793,192.825,191.877,211.818,210.024,211.604,208.430,207.821,210.997,211.705,240.170,221.253
1987-02-01,184.385,183.101,185.607,185.419,183.811,187.594,189.902,197.719,193.400,209.013,208.134,210.562,210.844,208.506,212.834,214.531,244.806,222.718
1987-03-01,183.375,183.402,186.036,183.445,185.195,186.660,188.675,194.782,192.686,208.762,208.088,211.382,208.305,210.266,211.346,213.645,242.828,222.722
1987-04-01,183.690,185.807,187.025,183.411,184.649,183.616,184.942,187.818,188.581,208.446,210.632,212.452,208.437,210.008,208.637,209.976,237.013,218.827
1987-05-01,183.758,186.332,187.462,183.945,181.880,179.402,179.858,179.592,182.927,208.277,211.453,212.314,208.975,206.573,204.211,204.890,229.481,212.894
1987-06-01,187.767,188.478,187.204,182.421,177.827,173.771,167.383,167.318,173.532,212.587,213.840,212.205,207.310,202.386,198.639,192.605,216.251,204.468
1987-07-01,192.715,193.936,191.756,185.615,180.775,175.791,169.252,164.869,172.446,217.285,219.062,216.964,210.510,205.657,200.956,193.915,213.611,202.697
1987-08-01,194.851,196.928,193.070,187.264,180.249,178.086,173.019,168.393,174.691,220.088,221.482,217.767,211.796,204.846,202.917,197.663,215.696,204.862
1987-09-01,197.303,197.807,191.940,187.621,184.900,180.953,172.801,168.103,176.420,222.328,222.524,217.537,213.012,209.854,206.169,198.244,215.483,206.150
1987-10-01,195.918,194.614,190.053,184.871,182.018,179.106,174.150,172.294,177.987,221.162,219.492,214.977,209.990,207.282,204.216,199.315,219.227,207.557
1987-11-01,193.555,192.628,189.839,187.582,183.783,182.906,179.686,177.615,182.827,218.462,217.651,214.828,212.105,208.505,207.584,204.612,224.492,212.800
1987-12-01,191.355,191.480,189.298,186.676,183.562,185.371,180.892,181.684,185.914,216.695,216.421,213.945,211.554,208.318,210.192,205.820,229.106,215.676
1988-01-01,191.107,190.229,188.929,186.800,185.222,187.357,186.013,185.453,189.838,215.879,215.341,213.690,211.588,210.072,212.092,210.569,232.373,219.378
1988-02-01,187.639,185.586,186.438,185.499,184.309,186.423,187.646,193.856,190.858,212.028,210.144,211.148,210.577,209.044,211.445,212.234,240.637,220.965
1988-03-01,185.199,185.112,186.276,183.430,182.412,185.630,187.717,189.737,191.316,209.491,210.069,210.929,208.643,207.718,210.184,212.199,237.775,220.891
1988-04-01,181.969,182.856,182.073,178.377,176.475,177.602,179.724,187.371,187.600,207.247,207.701,207.476,203.365,201.476,202.667,204.995,235.020,217.183
1988-05-01,181.361,183.073,182.082,177.375,174.348,174.785,175.321,177.053,184.812,206.630,207.837,207.647,202.831,199.083,199.271,200.166,224.251,214.489
1988-06-01,182.828,183.627,180.196,176.780,170.278,169.496,165.509,166.694,175.274,207.144,208.181,205.222,202.108,195.065,193.942,190.158,214.003,205.107
1988-07-01,188.256,188.923,185.325,182.254,174.695,173.335,167.276,163.526,173.204,212.668,213.600,210.298,207.123,199.314,197.909,191.825,210.714,202.632
1988-08-01,192.264,193.098,189.042,183.995,177.793,176.384,171.684,167.014,175.599,216.712,217.521,213.867,208.800,202.467,200.945,196.365,212.964,205.005
1988-09-01,190.630,191.532,187.005,182.885,179.216,177.176,173.210,169.004,176.360,215.764,216.539,211.760,207.977,204.041,201.702,197.876,214.131,205.295
1988-10-01,187.030,185.452,183.756,181.578,178.239,178.209,178.360,176.395,184.805,212.281,210.460,208.613,206.607,203.713,203.667,203.728,221.732,212.993
1988-11-01,186.516,184.615,184.986,184.224,179.406,180.487,180.179,182.436,188.482,211.196,208.962,210.248,209.318,204.731,205.928,205.192,227.618,216.931
1988-12-01,186.257,185.325,184.582,182.806,179.912,183.153,180.513,185.753,191.715,211.368,210.305,209.287,207.659,204.487,207.934,205.577,231.121,220.425
1989-01-01,185.952,183.393,184.082,183.300,182.332,184.944,184.974,191.224,193.961,210.643,207.857,208.769,207.955,206.830,209.659,209.258,236.287,222.575
1989-02-01,183.515,181.119,183.063,183.494,182.013,186.164,187.266,196.020,196.097,208.052,206.256,207.916,208.381,206.611,210.610,211.704,240.886,224.817
1989-03-01,180.645,180.196,182.076,181.953,182.041,184.902,187.150,193.531,197.201,205.512,205.092,206.897,206.722,206.159,209.745,212.084,238.565,225.229
1989-04-01,177.996,179.728,180.424,178.998,177.992,179.469,182.474,189.134,193.482,202.985,204.163,205.631,204.126,202.538,204.214,207.331,233.837,221.836
1989-05-01,179.213,181.519,182.236,180.321,178.029,178.108,178.792,180.906,189.408,204.349,206.075,206.615,204.943,202.741,202.779,203.363,226.110,218.055
1989-06-01,178.467,179.365,178.269,176.483,169.910,169.029,167.638,168.482,181.478,203.210,204.279,202.778,201.176,194.709,193.429,192.185,213.657,210.802
1989-07-01,182.827,182.828,181.893,177.556,171.716,171.299,166.703,166.868,179.705,207.354,207.050,206.761,202.204,196.204,195.810,190.859,212.989,208.248
1989-08-01,188.925,189.773,186.795,182.021,175.537,175.098,172.484,170.945,180.416,213.632,214.278,211.038,206.561,200.212,199.759,196.968,215.649,209.168
1989-09-01,189.072,188.175,185.278,182.243,177.945,176.931,172.571,171.545,180.742,213.405,212.620,209.855,206.408,202.329,201.320,196.806,215.750,209.028
1989-10-01,189.143,187.392,184.991,182.672,178.529,177.026,174.995,175.955,184.738,213.761,211.865,209.730,206.857,203.082,201.712,199.424,220.754,213.412
1989-11-01,188.750,186.582,184.762,184.107,179.917,181.302,178.231,181.445,188.050,213.335,211.491,209.279,209.109,204.657,205.559,202.785,225.618,216.558
1989-12-01,188.160,187.132,184.513,182.518,180.218,183.108,179.062,183.761,190.636,212.993,211.220,208.792,207.138,204.871,207.706,203.733,227.876,218.849
1990-01-01,187.196,185.017,185.001,184.657,183.002,186.601,184.620,188.842,194.645,211.928,209.539,209.764,209.226,207.986,211.027,208.816,233.247,222.581
1990-02-01,185.664,183.255,184.636,184.496,183.642,186.637,186.694,194.955,195.479,210.323,207.982,209.177,209.260,208.250,211.161,211.570,239.601,224.582
1990-03-01,183.920,182.550,183.744,182.401,182.827,185.087,185.849,193.212,195.718,208.050,207.402,208.145,206.436,207.385,209.581,210.236,237.527,223.950
1990-04-01,182.608,183.367,183.121,182.035,181.764,181.946,182.747,187.217,191.144,207.237,208.021,207.868,206.501,205.943,206.469,207.282,231.267,219.819
1990-05-01,184.588,185.713,185.184,182.160,180.099,179.567,178.287,178.144,186.228,209.210,210.712,210.058,207.326,204.832,204.352,202.799,223.242,214.961
1990-06-01,186.857,188.229,185.768,182.438,176.833,173.921,167.630,166.798,177.594,211.614,213.152,210.377,206.907,201.653,198.642,192.596,211.171,206.796
1990-07-01,201.124,200.713,195.368,187.984,184.011,179.140,166.512,164.341,173.243,226.614,226.433,221.061,212.946,209.355,204.642,192.423,207.882,202.141
1990-08-01,201.753,201.823,194.895,187.824,181.457,177.616,169.701,166.591,175.947,226.706,227.054,220.089,212.810,206.345,202.783,194.997,209.669,203.881
1990-09-01,198.456,197.814,192.089,186.494,181.945,178.967,171.393,171.450,176.449,222.772,222.316,217.016,211.532,206.564,203.774,196.074,213.854,204.309
1990-10-01,195.095,193.812,188.017,182.979,177.400,176.741,172.494,172.905,179.389,219.905,218.594,212.773,208.010,202.369,201.777,196.902,215.911,207.638
1990-11-01,194.641,191.617,187.961,185.294,179.731,179.971,176.703,179.476,182.306,219.750,216.359,212.744,210.280,204.119,204.994,201.187,221.204,210.153
1990-12-01,192.304,190.855,188.049,184.546,181.166,182.733,179.572,185.194,186.628,217.160,215.357,212.764,209.641,205.788,207.570,204.149,227.299,214.696
1991-01-01,189.620,187.285,187.072,184.698,184.225,185.824,186.384,191.022,191.120,214.393,211.688,212.027,209.667,209.153,210.820,211.270,233.493,219.435
1991-02-01,187.360,185.859,186.663,185.133,184.289,186.924,187.237,196.185,192.846,212.247,211.184,211.589,209.916,208.906,211.729,212.336,238.618,220.801
1991-03-01,185.413,184.932,186.869,184.211,184.126,185.945,187.557,192.560,190.988,210.450,209.651,211.378,208.818,208.859,210.257,212.389,236.385,219.166
1991-04-01,186.080,187.819,188.092,185.606,185.022,185.208,184.685,184.722,186.074,211.001,212.837,213.133,210.220,209.681,209.853,209.824,228.930,214.745
1991-05-01,186.535,190.249,189.431,185.452,184.071,181.082,179.485,176.864,182.306,211.399,215.182,214.370,210.171,208.650,205.885,204.685,221.259,211.211
1991-06-01,188.179,189.461,186.650,182.597,177.609,174.284,168.561,164.262,173.760,213.070,214.298,211.901,207.114,202.892,199.523,193.290,208.649,202.669
1991-07-01,189.962,192.475,189.842,184.191,177.660,174.980,169.497,161.620,171.798,215.090,217.384,214.726,209.219,202.665,199.994,194.439,206.132,200.933
1991-08-01,201.937,203.595,196.595,189.538,183.952,178.985,168.151,168.363,174.574,227.739,229.239,221.991,215.183,210.202,204.984,194.288,210.192,202.782
1991-09-01,200.863,199.497,195.247,188.005,186.164,181.474,170.764,170.848,175.164,226.395,226.073,221.601,213.080,211.644,207.133,196.795,212.753,203.094
1991-10-01,197.743,196.805,191.270,186.846,183.606,181.838,174.318,174.128,180.550,223.508,222.529,216.972,212.030,209.088,207.257,199.592,215.829,208.256
1991-11-01,194.435,193.151,190.441,188.054,185.338,183.913,178.935,181.215,185.021,220.134,219.273,216.681,213.281,210.494,209.187,204.189,222.774,213.215
1991-12-01,192.852,192.772,189.978,186.125,184.797,185.596,181.170,186.072,188.794,218.838,218.318,215.699,212.035,210.062,210.595,205.980,227.034,216.609
1992-01-01,192.035,189.984,190.114,186.769,186.137,187.771,185.744,190.075,191.584,216.982,215.200,215.677,211.674,211.227,213.190,210.640,232.354,219.575
1992-02-01,189.625,188.359,188.837,186.268,185.071,187.568,187.420,196.807,193.699,214.835,213.657,214.025,211.143,210.178,212.332,212.245,237.918,221.477
1992-03-01,185.910,185.205,186.124,183.540,184.511,185.449,187.503,193.920,192.737,210.448,210.358,211.433,208.787,209.619,210.692,212.535,235.221,220.975
1992-04-01,184.405,186.317,186.836,183.354,182.597,182.903,184.705,187.590,189.091,209.491,211.554,211.699,208.049,207.970,207.298,209.536,228.833,216.838
1992-05-01,186.606,188.971,187.807,183.991,182.337,180.398,179.517,179.741,184.294,211.960,213.943,213.005,209.163,207.242,205.165,204.519,221.657,212.137
1992-06-01,185.559,187.560,184.435,181.237,174.932,172.415,168.779,167.558,176.769,210.124,212.741,209.346,206.265,199.852,197.454,193.506,208.887,204.831
1992-07-01,194.326,195.409,191.740,185.627,179.899,176.970,168.400,165.505,173.390,218.732,219.939,216.390,210.153,204.615,201.992,193.299,206.922,200.925
1992-08-01,198.888,199.809,194.871,188.317,181.534,178.173,171.340,167.104,174.341,223.643,224.652,219.567,213.506,205.830,203.302,196.068,208.271,202.048
1992-09-01,201.706,201.484,194.425,187.322,184.136,179.804,169.694,168.921,174.529,227.362,226.878,220.011,212.782,209.434,205.432,195.435,210.398,202.592
1992-10-01,197.747,197.529,190.074,185.261,181.492,179.284,171.008,170.729,177.309,223.007,222.889,215.028,210.067,206.776,204.472,196.099,212.300,205.340
1992-11-01,198.081,195.407,189.753,185.813,180.988,180.105,173.383,175.279,180.201,223.487,220.485,214.995,211.477,206.225,205.308,198.866,217.640,208.730
1992-12-01,195.543,193.273,187.324,183.134,179.832,181.196,175.023,179.586,181.694,220.739,218.468,213.064,208.612,205.350,206.547,200.150,221.266,210.728
1993-01-01,190.710,188.233,186.268,183.941,182.378,184.812,184.574,186.971,188.191,215.815,212.956,211.457,209.247,207.581,210.138,209.303,228.409,216.744
1993-02-01,188.736,187.203,187.584,185.568,183.891,187.481,186.633,193.868,189.645,213.457,212.270,212.328,210.579,208.947,212.129,211.804,235.498,217.977
1993-03-01,186.692,186.020,186.649,184.565,184.737,185.139,187.250,190.277,189.829,212.018,211.193,211.913,209.342,209.337,210.151,211.902,232.215,218.349
1993-04-01,187.115,189.513,187.804,184.632,184.541,182.944,184.302,183.543,184.663,211.995,214.155,213.006,209.733,209.429,208.165,208.962,226.450,213.167
1993-05-01,188.650,191.618,190.385,185.998,182.453,180.793,179.543,174.734,178.711,213.424,216.294,214.930,210.829,207.428,205.780,204.450,216.781,208.233
1993-06-01,191.626,194.694,189.704,183.891,179.373,175.824,167.564,162.096,169.830,217.164,219.986,214.729,208.727,204.031,200.990,192.670,205.150,198.693
1993-07-01,196.025,197.156,193.172,186.258,180.927,175.866,169.058,162.662,169.524,220.533,221.896,218.074,210.713,205.728,201.201,193.711,204.445,198.191
1993-08-01,198.753,200.063,195.639,188.513,181.682,179.525,172.433,164.982,171.985,223.283,225.104,220.259,213.082,206.497,204.203,197.268,206.218,200.145
1993-09-01,196.603,197.559,192.782,185.235,180.735,178.246,172.201,165.675,172.594,221.468,222.267,217.502,210.247,205.669,203.137,196.755,207.580,200.569
1993-10-01,193.960,193.146,189.237,184.407,180.445,178.868,175.445,172.385,177.904,218.821,217.787,214.393,209.400,205.467,203.535,199.989,213.317,205.823
1993-11-01,192.707,191.982,189.471,186.291,182.709,182.434,179.898,177.885,182.386,217.784,217.200,214.118,211.330,207.268,207.457,204.549,218.922,210.054
1993-12-01,190.990,190.627,189.436,186.101,182.849,184.632,182.067,183.030,185.962,215.903,215.933,214.581,210.825,208.320,209.558,206.923,224.395,213.524
1994-01-01,188.720,186.721,188.406,186.502,185.012,187.718,187.863,189.249,191.108,214.173,212.362,214.109,210.947,210.030,212.574,212.727,230.043,218.823
1994-02-01,187.441,186.471,188.113,185.841,186.175,188.349,188.457,194.035,191.552,212.368,211.442,213.038,211.150,211.348,213.062,213.545,235.084,219.109
1994-03-01,183.411,183.340,186.279,183.059,183.779,185.735,187.628,191.961,192.176,208.485,208.343,211.364,208.603,208.797,210.543,212.722,233.100,219.808
1994-04-01,183.193,185.734,187.010,183.337,182.905,183.119,185.519,186.227,187.164,208.094,210.845,211.735,208.543,207.423,208.098,210.514,227.663,215.394
1994-05-01,188.390,191.351,190.850,186.118,183.306,182.256,178.286,177.238,181.858,213.460,216.310,215.841,211.262,207.940,206.742,202.994,219.480,209.420
1994-06-01,188.448,191.453,187.607,182.661,178.496,174.537,169.860,165.445,174.240,213.756,216.501,212.267,207.634,203.895,199.582,194.708,207.610,202.925
1994-07-01,194.935,196.570,192.775,187.414,181.274,176.485,168.762,163.461,171.401,220.309,221.316,217.663,212.005,206.413,201.754,193.582,204.542,199.734
1994-08-01,203.791,205.244,197.180,190.051,183.510,180.061,168.852,165.125,171.018,229.000,229.905,222.449,215.302,208.972,205.405,194.495,205.836,198.790
1994-09-01,203.607,203.063,196.076,187.535,184.622,180.256,169.773,166.362,171.733,228.728,228.449,221.290,212.642,209.960,205.655,194.992,206.836,199.666
1994-10-01,199.859,199.374,192.363,187.011,183.680,180.588,173.857,170.446,175.297,224.315,224.211,217.157,212.114,209.001,205.757,198.692,210.521,202.298
1994-11-01,197.453,196.074,191.076,188.710,184.404,182.565,177.627,178.459,180.989,222.309,221.090,215.901,213.302,208.901,207.780,202.170,218.011,207.853
1994-12-01,196.737,195.265,192.003,186.577,183.955,185.838,179.089,181.544,182.579,221.458,220.099,216.964,211.452,208.448,210.493,203.717,221.443,209.575
1995-01-01,196.184,193.596,190.618,185.390,183.760,185.781,182.286,185.187,184.621,221.197,218.378,215.414,210.879,208.686,210.703,207.296,224.603,212.886
1995-02-01,193.155,191.502,189.293,186.439,185.172,187.275,185.794,192.145,186.957,218.095,217.191,214.100,211.677,210.171,212.114,210.538,231.566,214.326
1995-03-01,185.667,184.242,183.541,180.825,179.914,182.844,187.074,191.810,188.783,210.513,209.113,208.661,206.294,205.045,207.841,211.669,231.891,215.914
1995-04-01,186.776,187.490,185.873,182.072,181.766,181.666,182.760,184.660,184.074,211.681,212.683,210.826,207.313,206.798,206.435,207.504,225.344,211.866
1995-05-01,186.994,188.440,186.894,182.278,178.626,178.127,177.450,176.693,180.663,211.839,213.319,211.417,207.128,203.139,203.092,202.039,216.600,208.243
1995-06-01,185.113,186.138,182.732,178.568,172.597,170.765,167.451,164.446,171.797,209.659,210.766,207.523,203.488,197.224,194.958,191.781,204.763,199.361
1995-07-01,194.423,195.860,190.792,184.611,177.791,175.898,167.728,160.591,169.113,219.224,220.655,215.348,209.116,202.911,200.547,192.695,200.640,196.617
1995-08-01,196.590,198.059,193.944,187.259,180.737,178.299,172.642,166.556,172.945,221.532,223.056,218.974,212.208,205.502,203.034,196.817,205.529,200.537
1995-09-01,194.038,193.861,188.578,182.323,176.752,175.741,169.993,167.636,172.360,218.804,218.568,213.483,207.548,201.270,200.500,194.522,206.768,199.266
1995-10-01,193.831,191.320,186.580,182.502,178.344,176.898,173.769,172.198,176.168,218.902,216.408,211.314,207.167,202.583,201.654,198.387,211.413,203.548
1995-11-01,191.704,189.946,187.203,184.719,180.434,181.298,178.519,176.394,180.639,216.552,214.793,211.716,209.742,205.241,206.193,202.895,215.476,207.698
1995-12-01,190.450,189.042,186.788,184.794,180.831,183.919,180.130,180.825,183.573,215.180,213.063,211.713,209.798,205.519,208.478,204.601,219.927,210.733
1996-01-01,189.524,188.012,186.754,184.367,183.321,185.908,185.911,186.024,186.732,214.770,212.677,210.926,209.110,208.022,211.285,210.562,225.223,214.160
1996-02-01,188.390,186.064,185.443,184.891,183.485,186.054,185.657,191.572,187.582,212.959,210.997,210.420,210.104,208.066,210.602,210.355,229.938,215.177
1996-03-01,185.924,185.348,186.944,184.164,183.630,184.801,187.366,189.897,187.509,210.872,210.169,211.615,208.786,208.148,209.224,211.934,228.321,214.910
1996-04-01,187.837,189.755,188.345,184.060,184.706,184.143,183.704,181.245,182.158,212.594,213.909,212.619,208.842,209.253,208.655,208.623,221.022,209.334
1996-05-01,185.550,187.673,186.944,183.190,180.420,179.105,178.937,174.350,178.421,210.251,212.778,211.849,207.486,205.268,203.499,203.183,214.559,205.775
1996-06-01,186.838,188.262,186.084,180.267,176.421,172.976,167.436,162.968,170.195,211.426,212.984,210.522,205.050,201.782,197.382,192.171,203.210,198.235
1996-07-01,190.092,192.848,189.599,183.256,177.479,174.709,168.143,160.270,168.233,214.816,216.813,214.095,207.661,202.411,199.449,192.439,199.472,196.074
1996-08-01,195.212,197.465,193.437,188.953,182.484,179.420,174.859,162.412,171.859,219.854,222.113,218.523,213.432,207.443,204.278,199.858,201.499,199.311
1996-09-01,193.602,195.214,191.376,186.242,181.987,179.871,173.994,166.018,172.383,218.546,220.151,216.404,210.989,206.635,204.763,198.652,204.650,199.753
1996-10-01,191.647,191.099,188.058,185.357,180.655,179.416,176.734,170.802,178.629,216.690,215.818,212.613,210.132,205.544,203.986,201.706,209.140,205.425
1996-11-01,191.746,190.885,188.771,186.923,182.428,182.356,179.881,175.182,181.077,216.771,215.820,214.069,211.630,207.165,207.106,204.680,213.517,207.867
1996-12-01,190.427,189.252,187.439,185.252,182.200,184.442,181.266,180.304,183.932,215.155,213.943,211.963,209.872,206.510,209.108,205.771,218.708,210.869
1997-01-01,189.927,187.886,187.261,184.764,183.270,185.980,184.930,184.564,186.709,215.360,212.381,212.373,209.617,208.025,210.853,209.830,222.577,213.846
1997-02-01,186.765,185.537,185.537,184.923,183.174,186.639,186.886,190.404,189.226,211.589,210.720,210.516,210.226,208.493,211.142,211.660,228.283,215.860
1997-03-01,184.854,183.903,185.868,183.738,182.689,185.279,187.534,187.703,188.646,209.515,208.900,210.736,208.693,207.677,209.589,212.130,226.132,215.955
1997-04-01,185.196,186.592,186.979,184.770,184.314,183.805,185.562,180.841,184.722,210.034,211.834,211.959,209.694,208.991,208.685,210.350,220.483,212.178
1997-05-01,180.212,182.765,183.334,180.238,175.820,176.409,177.790,174.023,181.049,205.137,207.486,208.869,205.426,200.483,200.874,202.703,213.758,208.735
1997-06-01,180.610,181.908,179.791,176.183,170.432,169.847,166.444,161.678,173.790,205.332,206.502,204.514,201.265,195.290,194.712,191.388,200.878,200.967
1997-07-01,184.587,187.174,185.027,180.804,173.833,173.608,168.467,160.811,171.661,209.615,211.979,209.724,205.669,199.353,197.830,193.363,199.868,198.483
1997-08-01,194.758,194.986,191.159,185.194,179.478,176.901,170.879,164.528,174.250,219.094,219.546,215.481,210.128,203.836,201.446,195.228,202.406,201.541
1997-09-01,192.354,192.164,188.099,182.925,178.159,176.495,171.664,166.955,173.377,216.866,216.441,212.857,207.754,203.020,200.999,196.119,205.256,200.735
1997-10-01,190.671,190.263,186.188,183.249,178.706,177.742,174.670,169.638,177.361,215.706,214.656,211.111,207.902,203.117,202.164,199.193,207.910,204.326
1997-11-01,189.841,187.971,185.972,185.066,180.294,181.438,179.248,176.284,182.384,214.485,212.727,210.665,209.780,204.860,205.831,203.277,214.521,209.272
1997-12-01,189.804,188.350,187.118,184.102,181.623,183.736,181.649,180.777,185.612,214.209,212.745,211.854,208.570,206.334,208.409,206.150,219.172,212.935
1998-01-01,187.956,185.647,187.163,184.239,183.979,187.228,185.877,185.718,189.210,212.737,210.281,211.906,208.769,208.605,211.948,210.946,224.023,216.384
1998-02-01,186.738,185.188,186.629,185.750,183.641,187.308,187.899,191.718,190.293,211.475,209.528,211.258,210.469,208.421,211.892,212.328,229.058,217.548
1998-03-01,183.488,183.141,184.612,182.836,183.204,184.891,187.014,189.157,190.546,208.258,207.677,209.060,207.559,207.504,209.606,211.558,227.472,217.428
1998-04-01,184.079,185.987,186.308,182.419,182.489,183.119,183.257,183.583,185.616,208.907,211.001,210.681,207.296,207.059,207.855,207.763,222.656,212.982
1998-05-01,183.349,185.679,185.496,182.526,179.217,178.118,178.034,173.723,181.221,207.927,210.331,210.792,207.573,203.888,202.698,202.817,212.952,208.462
1998-06-01,182.729,184.339,181.424,178.767,172.104,171.328,167.967,162.706,172.816,207.443,208.572,206.191,203.379,196.519,195.680,192.450,201.647,200.503
1998-07-01,186.941,189.113,186.759,180.580,174.741,173.745,167.490,160.969,170.832,211.586,213.544,211.298,205.525,199.289,198.131,192.223,199.838,198.115
1998-08-01,186.491,186.408,184.102,178.639,169.083,169.736,168.102,162.302,172.625,211.442,211.284,208.948,203.842,193.692,194.737,192.565,201.007,199.832
1998-09-01,186.190,186.320,183.288,178.348,172.295,172.415,169.178,165.059,173.838,211.047,211.447,207.951,203.096,197.101,197.139,193.739,204.330,201.003
1998-10-01,188.627,186.095,183.487,180.196,176.313,174.475,171.690,169.432,177.622,213.582,210.974,207.755,204.985,200.961,199.629,196.689,207.840,204.407
