Datetime,Transect1,Transect2,Transect3,Transect4,Transect5,Transect6,Transect7,Transect8,Transect9
1999-02-17,197.0257945,192.9696576,194.3851155,196.5707127,203.4011533,207.9024136,206.3231592,199.5021462,193.6885209
1999-03-05,185.473336,186.2792623,184.12346,181.0004045,206.6121929,198.4735871,205.9505909,195.0288654,180.2099104
1999-06-25,203.434419,198.0199997,190.3943878,187.1033692,174.7376758,175.5412808,171.384529,167.0836541,181.9392211
1999-07-11,199.7269429,203.2526594,196.1392681,183.3788671,187.8351724,183.2480251,179.708851,170.7768308,184.3490052
1999-07-19,198.3141951,192.1924483,194.4845273,188.2955083,184.8517458,181.9164998,181.8491385,166.1814958,175.3513967
1999-07-27,190.8534258,185.5487653,189.6832994,191.1443615,180.2208572,181.6202349,178.0131711,165.9552856,173.7703447
1999-08-04,198.7494417,195.06571,201.742722,196.5505113,190.1980939,182.4724258,182.3011521,171.2001507,
1999-08-12,203.0815256,200.3315556,205.7858809,197.6515397,197.2535933,194.7883334,198.1869158,182.6968171,195.8827032
1999-08-20,197.4463953,196.97335,195.7287974,197.3591001,192.2584477,191.9580283,192.853369,184.5928018,182.750933
1999-08-28,195.495946,194.2711568,196.1854339,188.3245754,174.588343,185.4584965,180.8444457,172.564225,171.1995005
1999-09-21,178.549784,173.0342965,177.3029598,178.2471998,178.0669888,176.3371009,172.8740206,164.7089047,167.0689899
2000-03-31,194.7158184,190.0152098,193.8259337,187.2256744,184.2022136,191.3398891,185.6868648,192.3870951,194.5499631
2000-06-03,184.6093214,185.3799199,181.8287905,176.3219231,171.5533083,170.623539,170.0993282,157.3250891,163.2188096
2000-07-05,194.3851833,192.1095735,189.5804689,174.9851265,177.620719,185.0741065,172.114274,165.0057796,166.1034032
2000-07-21,192.1761019,197.0361094,194.1254611,193.8781046,192.4156309,194.6869213,190.3698785,174.9153992,
2000-11-10,200.4962256,206.0580328,209.9113429,203.9523005,181.048018,196.7413301,205.7494812,190.1938314,185.1141968
2000-11-26,195.5356163,206.2314936,201.8889396,198.9153408,198.3273748,194.6490417,198.3162234,190.0913436,198.5603512
2000-12-12,207.6107483,209.863903,207.912073,206.4247153,198.6592958,202.9218548,201.3837945,196.3183379,186.4194949
2001-03-18,186.99298,183.3571711,185.1574774,190.1633203,194.7054624,204.6575659,212.4978023,205.6098037,199.0414897
2001-05-21,188.5048982,190.9422825,185.6301214,184.8842309,181.7232354,184.864728,186.0199305,185.7656142,179.9572431
2001-06-06,206.5894021,208.429981,199.7755089,193.5891654,195.5109273,196.7244753,195.2501178,178.8040139,199.0106542
2001-06-22,198.8226939,197.7915221,196.382484,200.7704557,189.2710936,187.6958095,188.9244454,175.561695,184.6346928
2001-08-09,189.7503774,184.1565048,185.3789246,183.3988735,182.2207908,181.9334636,179.8247264,171.0972966,178.1128476
2001-08-25,190.1057643,181.718957,181.2969991,181.8774115,180.9422337,179.1547168,176.3708856,164.3486114,165.8957097
2001-09-10,197.6600544,196.5089344,185.8330229,194.0177497,184.0442397,187.1753703,186.5235728,172.3047611,177.4360092
2001-10-12,193.7743003,191.5175687,186.7859551,192.1672271,179.1473571,190.2125775,196.833799,191.6483858,189.0946393
2001-10-28,196.9304803,194.6368828,196.7780766,192.204306,181.2021626,189.5770744,186.3264396,190.2943976,194.7378566
2001-11-13,202.5619899,200.6494691,200.7840253,200.2579578,191.407088,196.8175045,202.9361111,198.7239184,197.7084275
2001-11-29,191.9171292,190.2146202,195.0066272,186.2494232,184.5732751,193.5067476,190.9692881,185.9322233,192.499361
2001-12-31,,,,,181.3759199,186.7448735,182.1501864,179.0508677,181.0909195
2002-02-17,191.155863,186.4694766,192.5268565,184.7770457,182.7353258,184.8791963,197.544277,187.1431523,189.3321784
2002-04-06,193.1020481,189.6868124,188.9484819,186.3730553,194.1610906,192.0316966,194.1988516,182.9141101,189.8550942
2002-05-08,201.7449836,194.3772078,209.0839172,199.7514052,204.6345113,195.8824467,199.374827,192.3327874,188.257222
2002-06-09,198.8572615,201.4585373,189.4737676,192.5786874,189.4324123,197.6468486,189.8613469,172.0289847,194.660435
2002-07-11,200.0198729,200.4261143,197.3589481,187.8140268,182.7083103,170.7725648,155.464978,136.3813232,
2002-08-12,207.8045406,207.6098547,209.3744625,205.8567364,197.9717359,188.6199884,182.4433974,158.6607862,173.4224442
2002-08-28,202.457239,197.383841,203.597913,198.3485839,179.6377846,183.844135,154.2274096,142.4901961,
2002-09-13,206.822385,202.9276921,210.615716,203.3285036,191.7666123,193.9846868,181.3953469,164.0922019,
2002-10-31,202.9733331,199.8535905,197.9894543,199.0825614,195.3643582,191.5486524,184.248352,177.0958534,190.9563741
2002-12-02,194.1073852,199.5886571,195.4001093,183.4578686,184.1513267,188.0676057,,,
2003-01-19,189.8585524,191.2734607,186.6225575,182.4265391,179.7576213,192.7204352,193.2148972,181.6187073,184.2433889
2003-04-09,190.1902064,191.256759,194.5114073,180.8672756,187.3570576,197.9895202,192.9566179,191.7705498,194.3753994
2003-05-11,178.3733169,180.7338007,190.8769628,182.8801959,183.4404004,181.9645576,181.9581115,165.2357652,168.6089287
2003-07-06,187.4603024,191.1971805,188.5206617,187.4447673,180.0749536,181.5189991,179.1127275,166.9771053,167.2600294
2003-07-30,192.9946402,204.7731703,191.6944729,188.5665447,179.878011,196.0900624,192.3798396,174.4075561,
2003-08-15,183.3167366,,,184.4841581,180.9561438,185.4218961,177.3695684,169.9876989,174.0436329
2003-08-31,205.4995203,205.2954243,202.9579475,200.6290323,203.1824284,,189.7450885,181.217592,187.2111125
2003-10-02,206.5450654,204.6176145,204.8901406,199.3978572,200.7090799,,171.1694819,175.2349929,176.8143018
2003-10-10,209.0905586,206.9662188,209.9291938,212.7810947,209.0448503,194.2242008,182.079683,184.7061559,191.6767695
2003-10-18,,,213.3483527,212.41099,201.2856323,192.6970999,180.3321719,179.5392803,
2003-11-11,202.3308566,202.4353203,200.4269997,210.2408906,200.2000282,199.7870427,184.2456897,,
2003-12-13,217.7833907,217.0048638,200.1348328,203.9876407,200.0358248,197.4912116,177.4357825,184.569538,206.7719395
2003-12-21,203.2024093,199.6574931,200.8433172,202.1552914,199.9614362,197.3930865,188.7708935,186.0378361,
2004-03-26,204.7581417,203.2605731,212.8325144,204.0089663,,,187.9192793,189.7105032,177.8143525
2004-04-19,195.4438087,203.8786183,195.7044239,190.2662401,195.5108163,177.4036906,185.9996765,181.2477751,177.5004138
2004-05-05,206.2430457,206.9628004,203.8624926,201.261547,193.9429778,186.6007909,193.3351942,189.5627176,187.7299977
2004-05-13,202.3116238,200.1054423,200.154839,191.4998308,179.6920536,180.7440278,,161.4765523,167.3714393
2004-05-21,224.1766645,217.2562935,209.9428842,200.2684791,193.7081871,194.2172255,190.3917296,177.8158393,200.2534203
2004-05-29,213.2656167,210.3032604,196.0313672,,,176.1950879,170.6994986,161.3579229,161.6157695
2004-06-06,221.2722856,214.0251846,202.3660638,196.5781344,192.298653,181.2755648,175.0928097,173.1708325,174.26112
2004-06-14,,,211.0162352,201.7391212,201.649715,187.3121643,180.6352448,170.6148612,
2004-06-22,220.4827858,213.3553163,198.2655927,190.7504328,187.5801706,170.8813089,164.0106692,153.3447054,159.0390683
2004-06-30,225.5611416,222.4305368,205.704119,198.3730415,196.2269507,182.7176464,175.3566274,166.7950862,
2004-07-08,228.4056464,220.6542763,210.3115955,200.5296309,199.1667986,180.3701169,174.3590723,165.6615531,
2004-07-16,221.0008991,221.4907198,,,190.014102,184.8529405,171.6742596,169.666508,
2004-08-01,,,,,,,,,
2004-08-09,223.8742001,221.7795179,208.0982562,204.5012346,191.5729748,188.1241297,182.18522,169.8804009,
2004-09-10,218.5345544,214.2736246,208.1044192,204.8637901,201.6757486,186.9660691,185.1337908,173.4072338,188.6492077
2004-09-18,206.8260665,207.9680779,197.4537285,189.2174464,194.7756572,183.1326517,174.9297867,,
2004-09-26,224.7232076,217.2605915,213.0633377,200.5401089,198.2245212,195.5298468,183.7589867,180.6499771,192.468334
2004-10-04,,206.2486016,198.784155,188.3783208,179.3283288,184.5138141,170.7117313,168.9745078,173.539604
2004-10-12,224.8396451,217.7470682,214.0296101,201.7924491,198.5307457,193.6946671,190.2627381,182.6903915,197.4882662
2004-10-28,197.7700709,194.5604796,200.489057,185.7425872,186.8004014,181.5101718,176.0868066,172.0418465,175.0484453
2004-11-13,213.0880232,209.6813674,206.2691205,190.0542118,184.8182931,183.0992193,175.5430221,179.6433028,191.6817953
2004-11-29,200.3777056,196.5222766,198.6396496,204.9882325,198.3260637,200.3735705,200.6871999,186.6374861,183.8365465
2004-12-15,194.3150504,197.9564353,199.1587534,195.4239059,194.0858723,193.4066258,182.6132749,173.229687,182.2809122
2005-01-16,,200.1162681,198.8313412,197.0263457,188.3886052,192.4900012,199.7250552,181.4321124,184.816889
2005-02-01,198.7867532,195.6844081,187.742516,196.2265145,197.552249,201.9946723,198.5992412,193.8857306,188.7228504
2005-02-25,,199.2307899,192.6894516,197.7145834,195.3658694,207.6322733,206.7864624,203.9875992,193.9736478
2005-03-13,208.544007,204.2708715,202.2194207,202.1786232,208.7391233,212.6705805,,,207.6988951
2005-03-21,199.4537703,201.4474163,195.3669117,187.1725404,189.8553567,197.2593764,187.9394688,190.0263644,201.7656547
2005-04-22,200.5373696,201.018405,196.3206817,189.7095214,193.5089853,188.1689538,195.966033,190.476773,189.7291344
2005-05-08,192.5029951,195.5632912,186.5154941,191.8762355,191.6531231,200.0143791,206.8796844,194.4262483,194.5892887
2005-06-01,186.1107733,186.6774409,190.7889456,185.1710907,178.9756476,177.3862425,166.6811341,155.7508263,
2005-06-09,201.6961069,199.0262054,201.9030587,197.5602276,196.723754,191.9793174,180.8885987,169.4255035,
2005-07-03,195.8183782,186.5444928,187.8451529,191.8731757,189.7845438,,,166.291777,173.1625395
2005-07-19,186.92073,190.1657632,184.623684,,,170.8646958,170.1023352,151.2068134,167.3022019
2005-07-27,208.5704647,211.8737714,200.4145798,197.5814736,188.6959222,189.6232253,180.1701118,168.5955703,185.6678904
2005-08-12,210.6236235,221.2210557,208.7874528,201.086051,197.8539918,189.2020381,180.8356485,165.041171,177.9853223
2005-09-13,200.9247617,202.9017729,189.4111953,186.4098274,196.2606418,204.8989779,180.8449054,184.3715844,185.3543374
2005-09-21,206.5005299,201.2571575,196.2341483,182.0908219,199.3355073,,,177.7858822,177.5238288
2005-09-29,201.5280956,203.5800069,198.6394722,179.9854817,193.8623802,197.0104306,182.1530501,183.679905,176.621789
2005-10-23,213.7722564,,,199.6565107,201.2729522,199.0729742,189.4720427,189.3767286,190.0030786
2005-12-10,196.7034139,195.1612084,195.6355975,187.5334879,196.6533301,201.6093221,200.334023,199.3528009,198.7213955
2005-12-26,197.1020622,194.892734,196.6207711,196.1789754,204.1220899,207.2573969,204.0287248,199.1794483,200.8736407
2006-01-11,191.4568213,185.5130937,192.0351969,191.0166426,,,204.6737826,196.6146236,197.5465666
2006-01-27,187.4945789,190.6493194,198.0131398,188.2451473,198.4329319,,,216.9911237,201.7654258
2006-04-09,173.0649457,182.1587946,177.2770827,173.7447334,171.7434551,173.6543539,166.9069793,158.8681735,163.0787781
2006-04-17,185.9190946,,,181.8880058,181.9873427,186.5812469,185.4120995,177.1865962,182.6097433
2006-05-03,191.9665273,194.9542869,194.710792,193.3539564,,,184.168748,170.7784979,193.1048156
2006-05-19,198.7606127,202.1092024,202.1080054,199.6146286,202.1129263,203.3100083,,173.4503615,191.2722633
2006-06-04,192.8340809,195.7369159,182.8739359,189.0565974,181.4536622,181.969742,163.3929237,,
2006-06-12,182.1040842,186.9890305,185.6106726,185.9185659,182.0629071,168.236583,159.8891583,160.4701338,165.3204756
2006-06-20,,,,,,,,,
2006-06-28,210.9853559,209.0048001,211.1581656,206.1552514,193.3455046,181.1186333,176.9776764,175.5625518,197.1756622
2006-07-06,198.4159121,201.8730729,208.8638997,205.6012142,191.8376137,174.0594708,173.3612869,170.4545237,190.0428147
2006-07-30,200.0945391,200.7204181,205.7481479,211.2775552,209.1128628,179.9865456,177.0183796,174.8090928,180.582024
2006-08-23,202.0307279,202.143352,201.0378802,208.5814354,192.5876724,195.9912058,193.6511197,178.3658256,180.4221874
2006-09-16,202.2176206,207.8643619,219.8025891,215.0533027,202.8746268,201.881435,187.2845101,184.6599616,
2006-09-24,194.3251309,190.288718,196.2623029,196.2254379,194.3049345,191.0746408,184.6329679,,
2006-10-02,202.4552392,188.918171,201.7208648,197.526666,196.6501123,200.9302555,196.3099488,188.8418038,195.6493928
2006-11-11,209.6640258,201.821775,211.38143,205.666097,192.5095966,198.436554,192.9564204,181.8155595,
2006-11-19,199.3300692,194.6303608,203.988078,206.3561514,190.6242887,190.4936154,199.2899145,183.1286525,189.2562761
2006-12-05,210.9037882,212.0280802,213.5773236,215.0030443,206.7724128,197.1293594,184.5140051,186.5234281,194.0984763
2006-12-21,190.2309075,191.6909259,195.2776954,189.4128669,182.3360846,199.9088292,187.9870911,190.254602,198.1526708
2007-01-14,203.9761235,198.5594075,203.0355073,,,210.489539,190.5380014,193.2564341,199.3795922
2007-01-22,205.4401331,200.6935059,204.8600057,204.2803304,215.231003,215.2129419,198.5192997,200.7646539,199.5539911
2007-01-30,,190.4505847,193.9184291,190.3987394,199.4835426,196.4597852,192.8044559,179.7073672,
2007-02-07,210.0371344,206.4823555,209.6262467,212.6436277,220.4801911,213.0871987,215.9069859,191.6671483,197.2355646
2007-02-15,205.6640891,193.7413347,197.5807773,206.987641,210.0235373,201.2052387,,,196.1365267
2007-02-23,206.4480104,198.6340626,199.8990474,210.3694597,202.3475502,199.9815878,195.1315939,193.376183,196.732632
2007-03-03,197.6140351,,,204.3197085,204.6515373,202.0109927,202.5995109,197.24458,184.8439722
2007-03-11,204.2351566,203.4471822,197.9991901,206.6413894,216.6035745,200.6476715,214.3689498,207.3493932,206.6059858
2007-03-19,194.3620715,198.9311942,195.9018616,209.0820336,202.9840601,,,193.2865141,200.1037588
2007-05-06,192.9214473,199.5909354,212.606741,211.6802266,,,211.7722041,202.2234802,200.3478061
2007-05-14,184.2744647,201.5590471,214.4715738,216.958304,206.0101546,197.0531718,206.0761637,198.957044,181.261744
2007-05-22,,,217.5085754,213.7637043,213.7165426,205.7077254,203.3029257,195.4384451,191.2183337
2007-05-30,,,,,,,,,
2007-06-23,188.762066,184.3783778,189.5953938,189.7578189,179.5689743,163.2103956,169.5127863,149.1176933,161.090563
2007-07-17,186.1158845,189.3512244,187.5242499,187.289959,177.0659837,183.209375,168.2029485,157.4470234,174.3987066
2007-07-25,205.6863982,206.9168697,205.2400482,187.977689,181.9849821,191.7745285,168.2200542,,
2007-08-18,198.0020484,201.2857398,197.7032235,186.7372581,190.2334359,183.7900502,173.1721241,166.287632,173.8341105
2007-08-26,203.18186,198.8866142,188.3291604,192.8986275,174.6437145,176.1198321,174.8581063,165.6489272,
2007-09-11,,189.1599244,180.1052803,189.1666879,178.6948828,171.0795149,178.1407919,178.239802,162.4432798
2007-09-19,200.3929451,196.625118,194.3119883,189.0428505,184.6994288,174.5232842,186.2493883,189.5827592,201.9881827
2007-09-27,201.6959248,199.4935847,187.2901867,196.9577751,181.2553201,173.9165074,178.9440238,176.8766058,166.2869414
2007-10-05,200.5932234,201.2554134,189.7362687,206.4341236,188.5536162,178.9377165,185.7837882,176.5062681,187.9697635
2007-10-13,192.4703208,188.4097931,181.980027,188.6966594,175.1615685,168.1587078,,,
2007-10-29,202.6028053,191.5803338,198.0524812,192.8698554,175.1833785,181.4534512,179.8382058,172.5401534,
2007-11-14,201.2469174,,203.8633072,197.5587977,194.0680746,193.5813908,194.4054836,192.8978159,186.5126599
2008-02-26,177.2449936,181.8725024,183.9135283,189.1973765,190.5327695,205.8218503,214.3898008,205.8082369,196.4337266
2008-03-13,196.6791276,185.6694933,190.137528,199.4270383,199.9477576,200.7522144,204.5345476,207.4030674,205.3224275
2008-04-06,183.9938401,191.7465332,196.5316133,196.6087746,201.3779366,202.1128652,206.2311747,,
2008-05-08,191.9034538,197.5252329,197.8088488,194.8135888,,,193.9051928,198.508409,200.0870308
2008-05-24,196.494664,195.459381,194.4345833,195.8927465,202.003011,,,195.1194347,198.43651
2008-06-25,189.5784281,190.0675095,185.6694295,185.4378996,191.1448247,191.6899342,180.0311954,,
2008-07-11,204.0478649,202.4097793,209.3772165,,,196.3429689,186.6610388,176.6789253,189.6253273
2008-07-27,201.0792163,206.1492508,204.5648461,202.1982868,198.8721732,196.0207475,186.1542234,170.8818271,
2008-08-12,202.090848,207.4043752,212.7997615,202.8373263,200.8997284,190.6141132,182.1894884,,
2008-09-29,212.5857155,204.5105155,206.7796323,200.8436993,190.7454565,190.8415892,,,
2008-10-07,207.6558243,205.7687375,199.1312174,193.4515634,187.9449256,190.5790495,185.0604998,172.94071,184.9639168
2008-11-16,,,,,,,,181.1639809,
2008-11-24,,,,,,,,,
2008-12-02,205.2632762,207.3221184,194.9716213,189.0812159,181.8290219,191.452327,193.8306846,176.5362092,190.5221258
2008-12-18,214.8364617,209.3151079,201.480543,192.4599131,,,198.2175215,191.394315,201.005459
2008-12-26,217.5458668,212.4439031,203.6139643,182.8411013,181.987617,190.1633066,183.0225929,180.4027454,
2009-01-19,205.6425634,,,206.8050451,203.4918001,210.1187475,209.6804958,197.4777984,198.7373764
2009-03-16,204.1052636,205.8561155,207.3968885,200.2258347,196.2234238,206.6738483,201.8004069,196.6388428,201.8744005
2009-03-24,,198.5056066,185.9387634,185.3116231,187.0983662,,,195.7951097,198.6492867
2009-04-09,,185.1059705,185.2675304,180.2149128,183.4825965,194.4581563,201.8477137,208.239481,204.1819916
2009-04-17,189.2009521,184.1978299,183.5282036,184.8434727,187.5903573,199.3497313,210.2943652,217.3603614,212.0064573
2009-04-25,,173.2580501,174.1581453,173.8233683,177.0167909,183.7658495,188.9268339,197.54565,186.9123134
2009-06-12,180.4165475,180.4188519,176.2120632,172.638821,166.3014465,172.3618515,167.9154821,166.257535,
2009-07-06,179.6195889,180.0416389,175.7913624,166.7661677,163.3155903,168.8867201,171.340488,157.4381693,165.3640283
2009-07-14,192.7716547,198.4377763,189.2062121,176.6539104,177.5247021,190.5581623,185.3812956,173.3921232,176.1916145
2009-07-22,193.0799762,197.0427568,194.8899324,198.6116129,189.3851307,200.7735453,201.1874076,192.9683909,193.5695308
2009-07-30,200.4328686,201.531793,196.8434975,185.9932409,183.018586,,189.4092693,182.0270266,191.278662
2009-08-07,212.4915238,200.9021796,192.440379,188.5258864,182.5788459,191.7335633,193.1491023,192.6691651,195.4977937
2009-08-15,199.9063121,193.5583679,191.1809012,188.3188028,187.0962769,197.3803975,188.7074375,,
2009-08-23,211.8393556,206.3209394,202.0866296,199.4608408,196.89409,194.4780087,200.2854266,184.0984674,197.2799499
2009-08-31,203.7876108,198.815672,195.0861222,190.797567,,,195.9496959,188.448969,191.5434869
2009-09-08,204.8037187,202.7829415,196.4648238,189.262374,185.0328919,194.8657929,191.7162632,193.2116599,198.7377584
2009-09-24,206.4747058,202.8089231,196.0251142,188.9949315,175.7254609,192.8565671,201.0281432,197.8215315,202.9702914
2009-11-03,207.0259862,199.4856379,198.613258,193.7672241,190.7897789,,,197.8973371,204.0470814
2009-11-11,207.2307448,206.7675801,212.7191081,208.1780531,198.5140815,200.525526,195.164782,193.816568,196.4706983
2009-11-19,196.6039225,188.0987079,194.1311943,186.4266523,178.6800368,176.9491864,,,190.8001758
2009-12-13,204.4725155,200.5819142,196.6104468,193.3819457,192.1392853,192.8154203,189.5371073,193.1361845,195.2229726
2009-12-21,201.2957941,196.427899,190.5150631,190.1211953,190.3643354,191.9699831,,,
2010-01-06,200.4178425,197.5333048,196.0477589,,,201.0963639,209.6778521,203.8593254,208.5813683
2010-01-22,192.0979671,193.9376607,190.5488253,192.2623374,189.2277134,196.4951289,192.1483003,193.7196429,194.366741
2010-04-12,194.1441076,194.395464,210.7598611,194.4211245,192.1862194,207.5112259,204.1138708,210.5143049,204.9465491
2010-04-28,,,196.3896013,183.6750488,187.1856292,198.1510588,197.2060562,200.8898866,199.3489124
2010-05-14,188.5257921,,,184.8061054,185.0757627,188.9684225,190.1361211,189.0804963,189.0363109
2010-06-15,189.6466128,183.8512785,182.650228,186.2938967,181.7520618,173.0601137,185.1556725,185.2431253,
2010-07-01,,,,,,,,,
2010-07-17,199.5124022,180.1503891,196.6224775,188.6799702,188.3339163,195.5804877,188.9549513,,
2010-08-18,192.9936101,200.6386149,197.7811448,199.8437371,191.3500223,190.1861096,180.1183317,171.7841597,
2010-10-21,205.7083542,211.5905246,209.7886292,198.2311215,193.6032488,180.045172,188.9811641,,
2010-11-14,212.4777418,209.4478182,207.2523819,209.2418983,184.2235074,183.8487823,196.2051548,198.14503,187.0779426
2010-11-22,,,204.8817868,202.7920694,197.0082269,189.7979764,192.6767418,195.1810281,204.2252113
2011-01-01,212.0043289,211.8772687,207.1997963,203.5861249,193.6182945,204.5196625,197.3376611,,
2011-01-17,,192.6679162,189.630656,193.7849316,197.2638071,201.8777323,206.3212724,211.0512845,204.2586363
2011-02-02,204.656107,202.9260996,203.9411289,206.121509,200.3512258,,,,
2011-02-26,203.2770657,197.3066765,189.3224754,198.8051975,195.3162286,,,208.9584111,199.8824339
2011-03-30,,,204.4931801,204.6481142,202.5604781,199.6814883,194.1821841,195.720502,193.6428082
2011-04-07,205.2100053,203.8057978,204.8974031,203.8803587,200.0304505,193.4421815,199.9306151,191.3473809,190.8161136
2011-04-15,,,199.4167576,204.1243012,188.2719003,186.3893576,198.4012696,181.4405925,181.7147362
2011-05-01,197.9990484,201.8829585,199.8417961,199.3879427,,186.2045481,189.6927069,171.3416997,183.8488041
2011-05-17,202.9750523,187.3869793,182.6842981,206.0799336,188.2925088,171.1549723,185.1617587,,
2011-06-18,193.3479798,182.9017189,183.8399362,,167.7362144,171.3330479,170.1522542,172.804741,174.8732274
2011-07-04,206.1531165,215.5541986,211.6620382,204.2699558,189.7488614,196.1057322,189.3908541,189.1987981,
2011-08-05,200.7039421,198.715185,195.5225769,191.6448411,,181.6296682,177.28466,188.2949127,184.7292794
2011-08-21,195.3856007,190.3687823,191.1134527,179.8731875,,,172.1661885,174.2347511,170.3104339
2011-08-29,191.5150305,193.8108367,187.194587,187.3539989,169.8421875,164.8827621,171.7981362,,
2011-09-06,205.2204879,196.9533016,191.4822286,189.6123371,193.7253961,191.7063176,190.7061609,185.3963588,
2011-09-14,195.9219416,195.3363099,194.7256175,189.2280688,182.3748427,181.137034,175.0747849,176.8321685,177.7373438
2011-09-22,,207.960315,204.227484,196.165201,192.9077594,190.2993501,182.8894651,184.8247727,191.8866837
2011-10-08,,,177.4398083,185.1727523,172.3869399,178.8842503,175.8954337,176.0520003,178.3486251
2011-10-16,213.5194404,198.57642,184.5734552,188.1361469,187.1730691,189.920199,192.2292469,188.2534373,194.9303081
2011-10-24,201.6081376,189.4726447,190.9415705,193.9335647,185.5560723,182.8426385,185.1177783,178.1317869,
2011-12-11,192.3664361,187.7301891,191.9387928,184.3752416,181.6984078,183.0852761,,181.1322419,178.1809967
2012-01-12,187.2013333,181.1623047,187.3569592,178.5973344,,,186.3758153,185.3858821,186.818795
2012-02-13,,178.7894226,196.3255186,194.8869731,195.951238,189.2145848,209.8104223,206.7243485,198.6234399
2012-03-16,188.6081471,190.4191177,191.3339705,191.7084313,186.6381164,,206.4208417,212.6705688,217.9516475
2012-04-01,183.6310546,,,190.8824246,205.4224269,199.7118645,212.3850895,215.7958294,197.4741361
2012-05-03,176.7506331,175.557324,177.9124369,,,186.3075317,210.6925847,203.0090368,193.8021574
2012-05-19,181.0802233,188.7637484,185.1681387,181.1340252,191.3415849,193.7538183,201.1513893,198.3900986,196.3464469
2012-06-04,187.1192127,189.7357518,187.1937537,200.6631474,,,197.9485866,186.9949108,194.2913816
2012-06-20,178.4582152,189.0181539,188.5868931,182.7988242,184.3501169,180.7779398,187.7150055,,
2012-08-07,190.5523938,190.672976,196.5451693,187.4842793,,,193.3255494,186.9201892,183.5875854
2012-08-23,192.1234961,186.9971988,178.2194465,176.651203,161.7865832,172.5365277,,,164.1305067
2012-09-24,204.3149634,202.881603,198.9143963,197.9876322,191.7434855,,,170.8124589,191.5330104
2012-10-10,199.3794791,201.5962256,,192.8234376,188.5623654,185.5876697,178.0788146,165.1876617,183.8291224
2012-11-11,199.0991088,196.7012076,185.5923976,197.8088948,184.3080205,176.0303001,177.6494996,182.0811232,
2012-12-13,200.6316061,197.2487585,186.4126909,191.9177153,192.8978869,185.9677759,180.5588814,,
2013-03-19,,179.0251921,182.4834842,180.2544931,184.9754127,189.9476543,189.4226712,190.8911841,188.39959
2013-03-28,190.3981762,187.4217388,185.2268966,185.4533883,185.4023871,193.4892208,190.4281725,203.0733329,204.2900121
2013-04-12,198.4291309,198.2965673,202.7570402,208.9264618,207.4736567,213.7400211,212.8506293,213.6558653,218.0721079
2013-04-28,190.2282276,200.9566244,202.1491284,208.5529961,194.0620452,195.5817028,189.1169059,181.3886653,204.7388256
2013-06-15,181.9957592,189.1691368,185.0082095,191.6635268,177.354831,168.4294815,170.5198959,169.9150154,178.0911714
2013-07-01,194.4108835,187.0796452,202.6516881,206.3033587,185.9678318,181.2001056,174.6631986,176.4561245,186.528436
2013-07-17,199.6667644,201.3402055,202.8134455,202.8905529,200.1765026,202.803714,184.8316267,187.3881813,
2013-07-25,190.0491362,187.2280584,184.4846712,189.2288017,185.9729222,,164.4104598,160.3448507,181.1258391
2013-08-10,194.3655152,,,197.748041,193.8418558,193.9022088,188.2414402,184.7593347,184.0731315
2013-08-18,209.2308094,207.2713609,206.1399683,202.8029279,197.4030218,203.7595274,201.366783,188.5341633,197.3573442
2013-08-26,202.43857,203.8091596,196.4748847,198.7080279,192.9610549,196.3246389,192.8422439,186.7072568,
2013-09-03,209.7534331,212.709588,212.6047247,207.6856723,203.846313,193.5006425,203.0843075,197.4943777,198.1835186
2013-09-19,202.676949,197.8661202,195.7572985,193.43037,191.4090435,194.570264,190.7814766,189.1081532,191.7620283
2013-09-27,199.8978394,199.6741914,199.409847,194.1043774,192.0946641,,199.6437483,198.0330548,202.7843642
2013-10-13,205.843175,198.2290051,194.9406526,204.5116146,186.4136414,186.9029879,182.2635151,190.7741222,
2013-10-21,,,198.9134977,196.0795502,188.4478337,183.824472,194.6462533,196.9843932,186.0101302
2013-10-29,191.3853636,,,181.3570877,179.6783658,188.1738028,187.8108504,188.2538414,193.6356507
2013-11-06,191.2396371,196.9471729,196.5544267,189.0735621,190.5556778,194.0859714,183.2244804,182.8375641,198.9048032
2013-11-14,206.2445174,205.3531887,190.1813721,188.0044703,191.648912,186.9449243,180.9248965,,
2013-12-16,,,199.1421466,196.8039416,193.7297697,197.6891923,194.5112356,197.4334374,202.17882
2014-01-17,,,203.7956315,198.5098777,198.1250262,205.1586789,196.6073717,199.5683626,206.2387917
2014-02-02,204.3396855,195.0014178,196.8621779,192.0194509,190.2064087,199.2197678,197.8488298,201.9248639,205.7404205
2014-03-06,,,,,,,,,
2014-03-22,,,209.062973,204.744124,202.0799326,211.7021093,217.3242044,213.6190594,209.9345959
2014-03-30,196.7652195,194.8783812,203.1355758,197.4295619,197.6721516,205.0548065,204.2578877,221.3687345,211.3571586
2014-05-17,213.9081648,211.716426,212.3699682,202.4886147,197.3868506,203.7034188,192.5124283,188.7279639,
2014-06-18,195.5077323,196.3246461,193.8136995,183.7653305,184.7310835,185.4386994,178.1937035,168.3779052,
2014-06-26,196.2917263,198.2242725,191.2889954,192.0727472,191.3352708,,,171.5458418,176.9689746
2014-07-04,207.3007923,210.3417931,204.6901739,204.6270848,196.8453709,184.9372499,188.1617855,184.5193155,
2014-07-12,199.1370307,209.2643751,207.7517636,205.2521122,194.8240965,180.8952569,,169.6040061,175.4853291
2014-07-20,190.1844623,184.909549,181.7351075,177.5194057,142.7531968,142.1361014,147.8143619,132.0130785,148.6047015
2014-08-05,215.8984377,223.7242768,213.443436,207.7629121,185.3210624,189.1930492,188.0633005,170.0380648,189.9904393
2014-08-13,203.7530757,210.7634783,,,176.2360765,177.1081184,170.7032348,161.5065699,179.596476
2014-08-21,,,192.3551459,167.2789175,173.8901014,176.2020395,160.488945,141.6514887,
2014-09-14,203.9776081,198.4680154,192.8424204,187.7910873,187.5817222,195.2483908,193.5281742,176.6699627,
2014-09-22,193.5341964,186.732932,185.3921019,171.9245838,175.2576672,191.6275967,180.5637956,162.7727476,162.7870734
2014-10-16,189.730299,191.6503305,177.4078166,174.6881721,189.661846,192.2006061,189.5632283,169.8218891,
2014-11-09,208.7348832,199.1692929,193.1859292,187.9024139,188.8184795,200.9262743,194.1424113,191.5673495,190.5752816
2014-11-17,196.0948351,198.0670363,189.1900305,191.6474242,189.8362983,,,182.1510573,190.8138136
2015-01-04,206.3307221,200.9685244,194.4639216,196.0765449,196.2349778,,,201.5152922,206.7900326
2015-03-01,199.7044396,196.9813799,188.4935362,201.0629365,208.8529902,219.0328188,218.8802448,199.7748445,203.6163609
2015-03-09,182.9384687,183.2468982,,,190.5607374,199.4393561,195.7640104,192.5508754,193.4143307
2015-03-25,,,197.4950125,207.576923,202.1067467,197.8633638,202.265503,188.0973345,196.4277726
2015-05-12,191.2643419,191.8180392,192.3460661,186.2889579,184.747877,182.9577948,180.5184616,175.7431907,
2015-05-28,189.795689,,,185.2895508,171.726679,176.1046423,172.6442055,159.9244429,
2015-07-07,,,,175.4195512,181.6749594,165.6430181,172.3923912,152.2337014,
2015-07-15,196.6362281,186.3410498,198.9259264,179.8404513,190.6149577,,169.2809831,156.4469808,149.3214381
2015-07-31,,206.6883498,201.0395742,191.585565,178.6992465,183.2373524,180.5767423,167.8047537,175.2214628
2015-08-08,205.0839684,199.3826014,199.7919632,185.9223173,177.4791438,172.4694435,174.8142673,159.8365799,
2015-09-01,199.9192475,198.6570611,,,176.2191374,175.0522494,173.5013484,152.5169364,138.6450745
2015-09-09,208.1757033,206.4899021,200.3362667,189.1369378,191.8971043,181.5380753,174.4539314,154.0811908,
2015-09-17,201.1864225,208.5224075,189.9878132,192.4183482,195.5187545,177.3705822,167.4308628,150.6660454,
2015-10-03,207.2864683,212.0646378,192.0383389,202.3124605,188.3446586,178.1462952,,,
2015-11-20,204.0852788,207.189873,,,196.8903182,206.4562521,194.3473495,183.8369502,192.8884157
2015-12-06,210.4467966,202.9423861,195.9663516,202.7092332,,,178.8413907,182.7011823,176.8590901
2015-12-14,215.7072921,210.4363724,200.0257309,198.7883356,197.6354275,203.7209576,195.7762263,183.757396,188.8742212
2015-12-30,207.6219711,200.6626006,196.6277592,207.1927005,194.7147851,211.144909,203.2118194,185.3241869,203.2457903
2016-01-31,205.7525038,201.5289983,199.8367657,199.1397603,199.5312026,195.154857,197.668593,201.2469465,199.9300995
2016-02-08,192.6052147,192.5312248,188.1614684,187.5327701,187.4764244,180.198327,181.0372964,186.8579189,180.7743753
2016-02-24,201.644962,196.0949202,200.6220652,192.9065197,197.5521044,191.0186396,,,
2016-03-19,194.2317778,200.4452242,200.7113298,196.7120514,201.0754042,199.7142612,201.7996331,196.4446239,197.1248549
2016-05-06,192.9850791,193.6911074,203.7929288,207.432479,204.5626627,200.8642833,201.2567383,196.0496134,198.2291447
2016-05-14,196.905121,195.793849,206.8674451,204.0275523,,,200.0012392,194.7040095,187.4307628
2016-05-22,190.6305694,196.6754004,201.5023782,202.5877476,199.0911635,195.5319032,198.6727,190.6789881,184.7239302
2016-05-30,,,197.5593693,191.9062079,188.0914255,198.6399124,188.8002906,175.7357873,188.7814947
2016-07-01,202.0431371,208.9505025,205.7852595,200.9136871,192.5499073,193.8460859,190.9054296,,
2016-07-25,197.9928685,195.5405309,185.4134945,181.6805021,178.416251,177.4387196,161.0987845,159.1063175,168.4345902
2016-08-10,215.5503296,222.3293067,209.9880651,197.8240036,199.9998786,185.6117485,186.215436,171.8444808,
2016-08-18,,211.1914499,206.4350405,196.5042191,188.7781229,185.3534964,178.2208087,172.4862335,
2016-09-03,208.6684588,208.9588844,194.3146797,188.2250767,186.2069951,184.6752971,178.5060586,,
2016-09-11,211.6341943,213.2084473,209.0430518,188.2084537,196.7786343,200.9448659,181.7876685,186.2818121,191.6654126
2016-09-19,,,196.0883732,182.9408301,189.5423249,189.8103505,179.8031038,173.5893812,176.7609976
2016-09-27,217.2304119,218.8612632,208.1528938,199.8951425,198.2280431,197.1245175,190.2267254,180.4738354,
2016-10-05,220.6525345,218.8508298,,,205.8178742,200.196997,191.9767036,179.4432033,204.9068325
2016-10-13,197.9744784,202.0000668,193.9112907,186.0652896,179.785092,177.8279915,173.6968113,163.4668465,165.7141332
2016-10-29,197.2238344,202.0084414,194.1619924,194.4125153,186.8924229,182.9064489,176.582495,171.5703336,181.1641338
2016-11-06,194.0381046,199.3774861,193.7876138,195.1515366,192.9657407,191.6518399,,,183.6566159
2016-12-08,,207.5424159,203.7422495,196.3022824,189.3826805,196.3344496,180.2451285,183.6352878,
2017-01-17,211.5200139,208.4183257,206.6383219,206.6917086,198.2692983,197.4020811,209.8062973,201.5589045,206.0765763
2017-02-18,206.898212,201.1804326,205.6707988,197.9524039,198.248371,207.2706315,195.6724385,199.0251256,206.6472102
2017-04-07,196.8574812,191.9188734,188.6609452,184.4263295,179.9828913,188.8415642,204.4627054,198.0011995,191.0148925
2017-04-15,190.6718843,189.6124599,185.6474991,180.3640016,172.9951682,185.2494,,,
2017-04-23,198.0750429,204.2088479,202.0299825,193.8746477,185.5121449,196.8317891,208.2245446,190.5438523,199.3022042
2017-05-17,194.7345154,207.6318039,196.6392912,190.3959039,186.4601459,198.9983934,199.4663315,,
2017-05-25,198.3093132,196.7579184,192.1542504,184.2758427,190.7750827,197.2710691,192.4016706,185.2366621,200.3571418
2017-06-02,189.9977116,198.5241993,191.6000852,184.9308535,185.5328155,,199.0300898,184.4803891,188.2243113
2017-06-26,193.245116,202.2709105,196.2051094,187.2564162,197.4175577,196.9720574,200.9336274,186.6533861,182.7763961
2017-07-04,197.3974878,208.928068,197.4622814,,,191.3703857,189.4236929,178.9000983,174.4787007
2017-07-20,201.7591171,206.0221832,197.6063723,196.1102113,191.5152766,196.3957932,,,186.4849232
2017-07-28,206.3050919,204.7419053,197.2275716,198.2027542,189.1132751,187.962848,184.0492247,172.5685956,182.4894605
2017-08-05,207.8647254,203.0885411,202.4053222,199.6613526,194.4855247,195.4969425,,,192.8524461
2017-08-13,219.089262,211.8299265,201.4100707,201.2929673,193.8403236,197.0328332,187.5229884,177.4157562,
2017-09-06,206.8031604,208.8191789,206.1362629,197.4195653,,187.3028199,174.8860573,166.7467704,177.2825063
2017-09-14,213.627958,208.7422315,207.5668325,197.1305417,189.0596029,183.7125232,170.1733156,158.7882759,
2017-09-22,205.6402262,207.6598761,202.7527384,191.5342361,186.7586044,,,148.8025185,158.8977399
2017-10-16,205.7787637,212.3291279,201.6048392,195.0676245,183.2778732,189.502749,184.2615877,167.9020066,173.8946998
2017-10-24,207.5864447,209.3202075,204.5683226,,,198.2174446,185.3811254,167.7093366,177.5286111
2017-11-09,194.4400028,193.5178923,190.0352231,,,179.7207361,167.5169262,160.2539862,170.0032186
2017-11-17,197.7604365,198.4399722,198.7607242,195.6111774,193.9049563,193.0207722,187.2834063,176.2552663,
2017-11-25,210.4822602,201.2457049,198.9634483,,192.5238755,197.8826353,186.791226,183.3181825,
2017-12-11,,,,,,,,,195.1850956
2017-12-27,,,198.3603139,193.3549088,197.2452619,199.4332076,197.1745672,193.1116807,198.1859675
2018-01-20,207.8891251,201.3917835,206.2763099,199.6823827,196.7406643,202.7844778,195.0241557,187.6173461,206.7093301
2018-02-05,193.4093496,200.58984,195.9259615,195.7650837,196.5743487,204.4600405,200.9333617,201.6991825,203.8743405
2018-02-21,190.7802695,190.6687978,194.3719374,207.1169147,201.6445584,199.3756103,200.9024346,193.6606,200.3660195
2018-03-09,199.5635617,198.7990812,190.5317721,202.4894388,199.8929988,194.552064,203.0565836,199.0550676,197.3871631
2018-03-25,201.6490158,194.2779798,201.4087324,199.3845835,200.4433069,187.1900039,211.0779622,197.8918882,192.8422425
2018-04-02,,,,,,,,,
2018-04-26,,,,,189.578217,188.8367663,188.7781853,183.2253459,183.6691699
2018-05-20,200.1250463,206.5628649,,,190.2339994,192.3055467,190.3358111,187.6578582,191.0299361
2018-06-29,199.3267047,211.0113898,212.2933807,188.397594,190.5561273,201.7607463,175.3200852,180.0797708,
2018-07-07,,203.8278417,202.1395913,181.6890103,195.569438,206.3844691,179.2453157,175.4260452,188.0029472
2018-07-15,185.6353732,190.2961554,188.0400761,181.1572009,174.8829606,179.2954331,169.1201778,158.2339126,169.8572183
2018-07-23,204.7762095,196.3674702,200.5016034,199.1413329,190.9968226,191.5087955,184.4214083,,
2018-08-16,212.3118468,212.4638246,208.4076558,208.7904057,196.889784,194.359078,190.9367521,175.9580241,195.9408609
2018-09-01,210.5306626,218.2951239,213.6424761,200.7504438,198.0539438,195.0286612,187.5490533,171.2139065,
2018-09-09,209.5534492,209.3120046,200.9206583,196.3079361,,,173.2866923,162.5484847,180.6749621
2018-09-17,213.3944745,208.8736424,207.614407,200.9224827,189.6097541,197.5083012,186.2923431,175.5287,
2018-10-19,,205.6382077,204.6229511,195.457303,201.6896719,196.422823,190.7111022,184.9040745,
2018-11-04,204.1623562,198.9828938,192.175758,202.3187539,199.186722,191.612484,190.450079,181.9090322,185.167295
2018-11-12,207.8996328,,,202.6680116,205.6708645,198.7758273,187.9106132,179.1732605,189.7108217
2018-12-30,,200.3802614,198.6653598,201.1639407,195.2836749,202.8803738,198.5866048,195.7950649,
