Date,Transect2,Transect5,Transect8
1/01/2019,202.66345,196.85233,193.26302
2/01/2019,204.51999,197.02295,192.24272
3/01/2019,202.77905,196.41943,194.46852
4/01/2019,200.28244,191.58762,196.53773
5/01/2019,198.99556,187.54158,201.82002
6/01/2019,198.09167,189.46773,197.19493
7/01/2019,198.62733,191.301,193.78171
8/01/2019,198.83463,195.13928,196.64534
9/01/2019,198.34048,195.78284,198.50902
10/01/2019,198.72626,194.42413,193.601
11/01/2019,200.8752,195.74045,195.00537
12/01/2019,200.81042,197.00778,196.06921
13/01/2019,203.69556,197.00153,191.30344
14/01/2019,201.19162,196.83575,189.7413
15/01/2019,197.82353,189.6156,200.27405
16/01/2019,196.03851,187.90263,198.40172
17/01/2019,197.8178,192.49539,200.9859
18/01/2019,198.90973,193.04887,199.17033
19/01/2019,199.60023,193.50357,198.14572
20/01/2019,203.40785,193.55682,195.27385
21/01/2019,204.72714,193.75441,189.59631
22/01/2019,205.55963,196.95041,193.34402
23/01/2019,203.53702,195.72058,191.2682
24/01/2019,200.32706,196.80312,189.103
25/01/2019,199.09676,194.71115,186.37183
26/01/2019,198.93712,196.76402,188.637
27/01/2019,196.29926,194.98369,187.07156
28/01/2019,197.46248,191.2097,183.89816
29/01/2019,198.10703,193.36853,187.19366
30/01/2019,194.93285,191.82594,193.12332
31/01/2019,193.9845,196.13121,194.90828
1/02/2019,193.63632,196.47055,193.27173
2/02/2019,194.93294,192.32478,190.22034
3/02/2019,194.39192,194.28412,192.48114
4/02/2019,194.57019,197.29932,196.7057
5/02/2019,196.94589,197.15582,196.82254
6/02/2019,197.99457,197.06068,196.66583
7/02/2019,196.78151,197.22813,196.01556
8/02/2019,194.95085,196.26149,199.48322
9/02/2019,196.8335,196.8858,196.97165
10/02/2019,201.49644,194.92813,192.55003
11/02/2019,201.70108,193.39601,191.99458
12/02/2019,201.38809,191.82764,194.2342
13/02/2019,196.3711,189.74713,195.23782
14/02/2019,194.15541,188.97748,194.28392
15/02/2019,197.84808,189.75539,190.15862
16/02/2019,200.43178,194.25156,190.47928
17/02/2019,199.10031,195.69286,196.47083
18/02/2019,195.51692,192.30963,201.49762
19/02/2019,194.9368,192.80167,200.56503
20/02/2019,193.24686,190.45926,203.80313
21/02/2019,193.26396,189.08826,197.86551
22/02/2019,192.95609,191.33347,199.85965
23/02/2019,192.07341,194.81337,198.05492
24/02/2019,192.97043,191.57117,190.08714
25/02/2019,195.87437,181.52582,188.23326
26/02/2019,196.63148,180.3913,186.05666
27/02/2019,197.9845,184.78885,185.98137
28/02/2019,199.04214,190.61617,188.55879
1/03/2019,200.43178,191.52649,188.80803
2/03/2019,199.81154,195.4243,194.426
3/03/2019,197.53752,193.60512,192.64104
4/03/2019,195.7476,191.24924,195.09407
5/03/2019,194.10953,190.84828,194.70488
6/03/2019,194.12813,193.40736,194.39473
7/03/2019,194.13823,194.56676,190.128
8/03/2019,198.55313,196.31335,192.13474
9/03/2019,198.3946,196.83398,195.52078
10/03/2019,203.9605,194.27315,191.41574
11/03/2019,208.8759,196.26147,190.00479
12/03/2019,206.67981,197.29819,188.82047
13/03/2019,203.01775,192.81923,188.24463
14/03/2019,200.48181,191.72812,192.73737
15/03/2019,198.26776,195.34274,194.04318
16/03/2019,195.54489,188.35085,192.44055
17/03/2019,194.31517,183.61008,190.99632
18/03/2019,196.74391,188.53435,190.7094
19/03/2019,197.37224,192.69145,187.75739
20/03/2019,198.30835,194.37386,185.74942
21/03/2019,199.28934,193.55765,188.16542
22/03/2019,198.42279,194.88956,191.742
23/03/2019,199.21411,193.9731,192.34564
24/03/2019,199.73756,193.37817,190.35356
25/03/2019,202.17921,193.68057,191.95004
26/03/2019,203.1917,193.8901,191.16212
27/03/2019,201.92664,192.19337,186.13838
28/03/2019,202.33443,193.52206,186.49716
29/03/2019,198.84435,190.61832,184.17867
30/03/2019,197.3066,191.26549,187.35373
31/03/2019,199.24504,190.21077,183.95973
1/04/2019,195.60832,185.04335,177.68848
2/04/2019,190.83719,181.65448,178.97421
3/04/2019,190.19849,190.00882,184.54541
4/04/2019,192.34639,186.59695,187.01295
5/04/2019,190.83665,184.98747,188.52788
6/04/2019,196.63132,186.57361,179.71992
7/04/2019,198.66237,190.46065,185.54836
8/04/2019,200.03104,197.60912,186.3924
9/04/2019,194.99103,193.98117,188.1084
10/04/2019,193.80019,187.43498,186.40224
11/04/2019,199.56999,192.22688,183.22766
12/04/2019,203.86967,192.75183,178.16386
13/04/2019,205.87112,192.47958,180.33447
14/04/2019,207.23836,192.2102,179.21835
15/04/2019,207.15204,192.0674,177.48396
16/04/2019,207.14726,191.62541,178.69868
17/04/2019,202.71901,190.82158,179.20963
18/04/2019,200.5479,192.13461,179.39073
19/04/2019,199.02235,195.69832,186.58197
20/04/2019,194.61105,190.90608,185.74593
21/04/2019,193.3223,190.03647,185.91103
22/04/2019,195.20113,194.71942,192.00664
23/04/2019,196.12355,195.69865,193.98288
24/04/2019,197.30916,196.43947,193.54124
25/04/2019,200.15833,198.0306,193.6637
26/04/2019,202.28693,197.78084,191.1224
27/04/2019,202.59013,196.23209,186.05545
28/04/2019,202.38152,190.88339,181.68333
29/04/2019,201.92622,188.96051,176.05548
30/04/2019,199.60707,188.59482,179.95065
1/05/2019,197.04779,188.7353,188.1614
2/05/2019,193.33736,190.7581,191.32738
3/05/2019,195.22243,192.83435,190.65216
4/05/2019,197.37964,195.06711,192.9752
5/05/2019,195.62305,192.1938,190.99583
6/05/2019,193.82538,188.39043,187.77922
7/05/2019,190.67989,185.31268,180.12654
8/05/2019,189.45122,180.93243,181.49165
9/05/2019,198.50563,190.46254,185.7393
10/05/2019,204.6161,194.30257,187.0307
11/05/2019,204.55891,188.4409,188.2245
12/05/2019,196.54001,182.74098,181.0087
13/05/2019,197.47641,184.60257,178.2533
14/05/2019,202.32114,188.35338,177.13606
15/05/2019,204.65364,189.2639,181.7508
16/05/2019,202.63622,192.0298,186.79918
17/05/2019,202.53494,192.63458,181.4538
18/05/2019,204.90251,193.47348,175.59749
19/05/2019,207.76633,194.2787,172.45564
20/05/2019,204.02382,194.16234,180.03844
21/05/2019,203.70749,193.58253,180.77821
22/05/2019,203.24663,193.39024,181.63737
23/05/2019,203.08171,192.8848,177.21437
24/05/2019,204.62144,193.67854,174.59976
25/05/2019,208.48529,198.86688,173.62709
26/05/2019,204.14494,201.32642,181.71756
27/05/2019,206.44766,202.31781,184.06432
28/05/2019,206.00061,197.93103,184.30794
29/05/2019,205.31123,196.15112,182.22502
30/05/2019,213.31021,196.52907,173.63565
31/05/2019,200.07124,186.75694,163.33315
1/06/2019,192.43343,177.9739,146.91103
2/06/2019,185.83315,171.25551,151.66924
3/06/2019,190.18434,180.44528,171.4424
4/06/2019,188.12709,176.38783,162.44368
5/06/2019,189.01276,166.71466,147.18672
6/06/2019,192.8381,176.99573,155.80008
7/06/2019,193.61066,180.05138,160.47977
8/06/2019,191.04416,180.07426,157.90149
9/06/2019,195.99107,188.23456,174.71187
10/06/2019,200.81595,191.34254,182.82542
11/06/2019,203.0272,192.50653,176.17317
12/06/2019,204.53683,191.2814,175.50763
13/06/2019,204.72905,192.2534,181.58707
14/06/2019,208.23163,192.72577,179.05855
15/06/2019,213.75969,194.95331,177.13815
16/06/2019,207.45389,193.0798,180.48044
17/06/2019,204.48494,192.31023,173.89871
18/06/2019,199.39288,187.08423,168.11534
19/06/2019,196.57748,184.85016,163.18771
20/06/2019,196.7482,190.18411,161.78868
21/06/2019,194.0161,189.17293,167.09154
22/06/2019,193.21318,184.43283,170.0874
23/06/2019,194.43575,182.88368,166.95279
24/06/2019,193.22725,181.22174,168.42702
25/06/2019,195.3691,182.88359,174.22087
26/06/2019,198.0169,190.71729,178.30724
27/06/2019,199.70648,192.5172,180.60785
28/06/2019,206.89145,194.18323,180.66866
29/06/2019,203.55455,195.03049,187.12068
30/06/2019,199.52025,190.69637,187.85002
1/07/2019,196.70798,191.26367,187.40564
2/07/2019,192.83093,191.54622,191.45674
3/07/2019,190.69109,191.37582,193.92603
4/07/2019,188.81071,191.43803,200.39433
5/07/2019,188.14684,191.38924,198.21365
6/07/2019,188.68109,193.65678,196.79189
7/07/2019,191.44868,193.03741,196.20291
8/07/2019,192.8741,195.1678,196.71715
9/07/2019,194.57132,195.54173,196.60085
10/07/2019,195.54056,195.23795,185.87187
11/07/2019,200.35368,196.12535,184.86684
12/07/2019,203.4146,199.15788,182.7326
13/07/2019,201.94933,198.19032,179.51433
14/07/2019,203.13518,197.33672,181.47641
15/07/2019,200.99605,190.96036,175.48871
16/07/2019,194.93787,182.40979,168.32854
17/07/2019,196.33586,186.36421,172.91182
18/07/2019,198.55276,186.06512,168.88873
19/07/2019,197.9436,186.66574,165.28017
20/07/2019,201.72237,191.55243,164.44566
21/07/2019,206.09947,193.22505,171.2565
22/07/2019,206.69514,194.43459,170.32317
23/07/2019,208.8764,195.85017,172.14124
24/07/2019,206.20981,196.36945,172.17165
25/07/2019,207.31238,194.96951,171.13896
26/07/2019,208.83298,193.90802,173.53812
27/07/2019,211.60783,193.58781,173.98564
28/07/2019,209.98369,193.09444,172.96852
29/07/2019,208.92795,193.2036,173.51823
30/07/2019,202.95937,192.81152,172.93034
31/07/2019,198.62123,184.88097,171.70134
1/08/2019,192.96239,178.1139,166.57076
2/08/2019,192.08054,177.49855,160.24553
3/08/2019,191.51993,183.46915,157.41428
4/08/2019,193.41556,185.85756,160.74576
5/08/2019,193.9596,186.84518,161.62779
6/08/2019,196.6299,188.11154,159.20854
7/08/2019,200.04716,191.30159,171.1782
8/08/2019,204.59674,192.75673,173.78244
9/08/2019,204.66504,193.24289,180.2915
10/08/2019,205.57678,195.704,176.07448
11/08/2019,205.85847,194.38904,174.81339
12/08/2019,197.4148,185.02077,164.3574
13/08/2019,190.50182,177.70589,154.77234
14/08/2019,190.35995,181.77026,171.08546
15/08/2019,197.51321,185.2141,175.75856
16/08/2019,201.51192,190.90234,176.55434
17/08/2019,199.12767,190.79367,181.58064
18/08/2019,196.79077,185.07117,174.32689
19/08/2019,195.0072,185.22182,174.25014
20/08/2019,196.94777,189.26218,181.32497
21/08/2019,189.27393,181.16049,164.84515
22/08/2019,187.28897,170.68166,155.25394
23/08/2019,186.61823,168.34766,149.0942
24/08/2019,189.47787,166.35738,150.47495
25/08/2019,194.79384,186.33727,168.38339
26/08/2019,200.92902,192.94897,174.10341
27/08/2019,202.33238,193.54442,174.99078
28/08/2019,205.71527,193.82602,180.52383
29/08/2019,208.35371,195.63423,178.76486
30/08/2019,200.78464,186.62556,178.32942
31/08/2019,199.48888,182.62633,176.49551
1/09/2019,199.34854,185.96384,176.46318
2/09/2019,199.66794,194.15242,185.4254
3/09/2019,200.15392,193.90634,187.40388
4/09/2019,199.70555,194.47038,188.6489
5/09/2019,198.46729,195.08835,187.8952
6/09/2019,201.35475,193.84023,186.35362
7/09/2019,202.01454,192.33344,183.49539
8/09/2019,201.7523,190.92596,178.17674
9/09/2019,195.49152,182.00131,172.12964
10/09/2019,190.33598,175.73714,161.5614
11/09/2019,194.17519,173.96594,157.07446
12/09/2019,198.65208,179.26205,164.1441
13/09/2019,204.43185,193.99525,173.35074
14/09/2019,208.55754,192.982,175.89153
15/09/2019,204.04448,194.30327,174.28445
16/09/2019,208.88234,194.42897,175.94156
17/09/2019,203.50632,184.52803,174.55276
18/09/2019,197.11263,174.91345,164.92639
19/09/2019,196.41734,173.29001,163.28568
20/09/2019,197.0792,182.08708,174.24702
21/09/2019,196.58586,186.19995,176.58192
22/09/2019,196.62006,188.08357,183.39088
23/09/2019,202.25282,194.33595,189.17522
24/09/2019,203.5975,191.38928,188.07523
25/09/2019,205.17892,191.45744,184.60231
26/09/2019,201.55534,190.54134,186.61429
27/09/2019,203.41388,190.36034,187.5563
28/09/2019,201.58922,189.9722,182.13348
29/09/2019,202.0993,188.49245,168.9837
30/09/2019,206.67743,189.07759,174.50366
1/10/2019,206.90956,189.66429,170.80412
2/10/2019,202.52159,191.19525,170.94
3/10/2019,202.26247,191.39754,179.21783
4/10/2019,201.74237,191.61076,174.67596
5/10/2019,203.3951,191.63716,177.19699
6/10/2019,204.10675,192.25085,176.36205
7/10/2019,200.49797,192.71298,188.24382
8/10/2019,205.35036,193.17255,190.05779
9/10/2019,201.30586,188.1952,181.08223
10/10/2019,197.7562,184.01622,180.07112
11/10/2019,194.46649,178.24905,172.23883
12/10/2019,191.28297,177.07372,178.15843
13/10/2019,190.93297,176.25967,173.32654
14/10/2019,192.81052,174.89706,171.39151
15/10/2019,194.71867,181.70073,173.37128
16/10/2019,198.29518,197.9847,175.16315
17/10/2019,204.47415,197.68442,180.79158
18/10/2019,208.32188,197.8714,182.7228
19/10/2019,204.68948,193.70935,180.73813
20/10/2019,205.25423,191.43323,176.69376
21/10/2019,207.6769,191.68256,177.79156
22/10/2019,204.6977,188.36409,176.87282
23/10/2019,207.0567,191.06511,176.03629
24/10/2019,205.09615,190.84053,176.07355
25/10/2019,203.9177,192.70819,176.62877
26/10/2019,201.37051,193.60313,185.82558
27/10/2019,202.35739,197.30219,185.74611
28/10/2019,202.45042,194.29181,187.2404
29/10/2019,201.22205,192.67633,187.64339
30/10/2019,199.17116,194.38084,189.48897
31/10/2019,202.70427,194.87723,191.7482
1/11/2019,199.32365,187.3165,190.92744
2/11/2019,196.07777,186.4171,196.65292
3/11/2019,197.11472,188.37756,194.47041
4/11/2019,199.49817,190.4874,192.68697
5/11/2019,199.02129,191.9819,190.93686
6/11/2019,202.64523,190.06465,185.59663
7/11/2019,205.52267,191.84587,185.2451
8/11/2019,205.98581,189.85222,185.17574
9/11/2019,205.75626,191.02524,179.64223
10/11/2019,205.51566,189.90683,173.60641
11/11/2019,204.99464,190.71623,174.26859
12/11/2019,201.38953,187.68285,175.19176
13/11/2019,196.7952,189.24301,175.76897
14/11/2019,199.31923,191.95137,178.2838
15/11/2019,200.57655,193.08632,183.46309
16/11/2019,204.03206,194.7562,181.47717
17/11/2019,206.89073,196.23737,177.34636
18/11/2019,208.50818,195.68216,178.02502
19/11/2019,202.409,192.94952,183.34131
20/11/2019,202.69421,194.31912,186.95485
21/11/2019,203.0974,192.09,183.3273
22/11/2019,200.52052,195.40714,189.29117
23/11/2019,203.93645,196.5347,192.84763
24/11/2019,205.38226,196.94077,191.63722
25/11/2019,207.06126,198.05531,192.25769
26/11/2019,202.66118,196.96045,189.88579
27/11/2019,200.00119,193.2328,188.83167
28/11/2019,199.05423,189.77039,185.46507
29/11/2019,197.4313,190.51433,186.06882
30/11/2019,193.28862,192.32393,190.44485
1/12/2019,199.02113,192.6793,191.53644
2/12/2019,200.91345,196.46797,189.86699
3/12/2019,200.66019,199.94627,187.23886
4/12/2019,199.99146,194.47209,179.72296
5/12/2019,200.07712,192.86877,178.964
6/12/2019,201.84421,192.18292,178.15285
7/12/2019,201.22984,191.08888,172.32878
8/12/2019,200.82587,190.69034,175.85358
9/12/2019,200.84512,196.23521,172.40894
10/12/2019,197.49486,196.19612,182.80339
11/12/2019,199.39874,195.24292,186.32655
12/12/2019,205.66267,193.65215,184.93558
13/12/2019,206.91006,194.70575,183.43338
14/12/2019,208.99101,197.72697,185.82768
15/12/2019,204.53297,196.46577,183.91742
16/12/2019,205.18933,197.61711,185.28732
17/12/2019,201.44554,194.48048,178.22174
18/12/2019,199.24051,192.1881,181.13634
19/12/2019,198.59229,193.93803,188.47316
20/12/2019,201.77899,198.58601,192.40504
21/12/2019,199.30319,190.88728,185.27301
22/12/2019,194.94362,193.90434,187.76424
23/12/2019,195.15378,195.0466,188.13866
24/12/2019,196.73656,193.03424,191.06955
25/12/2019,196.95207,195.98244,193.593
26/12/2019,198.98,197.68439,197.26706
27/12/2019,198.46375,196.79372,197.03065
28/12/2019,194.42476,195.0148,201.53116
29/12/2019,195.62552,196.44347,198.78113
30/12/2019,195.585,195.78313,203.70879
31/12/2019,195.48227,198.66531,200.16504
1/01/2020,195.51547,198.72957,195.33382
2/01/2020,197.14822,194.5447,194.64134
3/01/2020,198.55243,194.94429,196.75166
4/01/2020,198.40617,196.21423,198.94139
5/01/2020,195.92464,195.10474,200.13126
6/01/2020,193.9257,193.54558,195.15273
7/01/2020,195.0836,187.29642,192.49048
8/01/2020,195.5172,191.05356,195.95132
9/01/2020,195.3377,191.5951,187.50163
10/01/2020,198.4847,191.2075,187.44388
11/01/2020,195.42598,188.76604,193.51465
12/01/2020,194.48282,187.49399,188.99396
13/01/2020,191.35927,184.65749,183.77872
14/01/2020,190.55042,184.26126,187.18732
15/01/2020,192.9421,187.26825,189.11945
16/01/2020,197.00734,192.96887,192.44461
17/01/2020,198.4011,192.56744,191.87695
18/01/2020,199.52599,193.24501,191.92334
19/01/2020,198.10184,193.2129,190.07397
20/01/2020,196.16171,195.02747,195.84685
21/01/2020,197.57812,196.21378,197.25258
22/01/2020,199.08768,197.3535,193.62106
23/01/2020,196.2755,195.98251,197.23236
24/01/2020,196.27104,196.49377,198.45068
25/01/2020,200.77718,196.05234,193.82607
26/01/2020,198.88876,196.20898,197.20238
27/01/2020,198.57521,194.62881,194.25287
28/01/2020,200.59396,196.343,192.32172
29/01/2020,204.10439,196.93396,192.30606
30/01/2020,206.30309,192.28716,187.7482
31/01/2020,202.34694,190.9877,186.60054
1/02/2020,198.41252,186.76863,196.80472
2/02/2020,200.34927,189.57314,194.24643
3/02/2020,197.6927,189.00665,192.95944
4/02/2020,194.83255,186.3669,183.11752
5/02/2020,194.88455,186.3843,179.84601
6/02/2020,192.15382,185.9584,180.19574
7/02/2020,190.61595,185.52586,184.33955
8/02/2020,192.43605,182.3226,188.041
9/02/2020,192.82228,181.44353,182.0843
10/02/2020,190.96407,179.89983,183.13513
11/02/2020,192.09366,188.37767,182.10641
12/02/2020,194.18408,194.9158,191.74124
13/02/2020,196.14127,196.31552,194.41815
14/02/2020,191.9903,194.42322,198.78824
15/02/2020,188.95847,193.99759,193.97322
16/02/2020,191.41617,192.29597,193.57349
17/02/2020,190.45943,189.81482,194.75842
18/02/2020,194.18495,186.3486,190.89383
19/02/2020,192.22491,183.70784,187.21866
20/02/2020,194.06656,187.17537,185.53165
21/02/2020,193.61032,188.08273,177.32178
22/02/2020,198.0305,191.5329,175.1313
23/02/2020,199.6421,192.4664,177.0475
24/02/2020,205.07886,192.61765,175.2065
25/02/2020,206.21352,193.23523,186.44084
26/02/2020,201.51573,189.13335,191.57376
27/02/2020,198.0364,188.23424,186.72778
28/02/2020,205.19266,191.11522,187.89034
29/02/2020,201.58932,193.27502,184.54543
1/03/2020,204.73668,195.74985,190.91473
2/03/2020,199.79868,193.5467,192.20016
3/03/2020,197.02693,195.72299,189.61572
4/03/2020,198.41756,194.89363,191.2662
5/03/2020,196.47356,189.38844,193.42398
6/03/2020,195.33807,194.13393,192.67422
7/03/2020,193.66145,195.55936,190.63988
8/03/2020,195.53122,190.94229,188.44516
9/03/2020,193.77943,186.15182,186.54158
10/03/2020,191.73534,183.02588,185.8262
11/03/2020,192.91176,181.9871,181.38123
12/03/2020,199.13336,192.53273,181.83156
13/03/2020,203.0757,195.03404,182.31798
14/03/2020,200.88232,190.75783,183.40378
15/03/2020,197.85736,186.70673,180.60521
16/03/2020,197.21942,184.14163,175.27707
17/03/2020,196.61624,184.4733,183.16243
18/03/2020,196.20258,187.17616,186.09587
19/03/2020,194.6444,190.3775,187.78316
20/03/2020,195.56358,193.73154,188.42589
21/03/2020,202.67648,195.29044,187.57253
22/03/2020,201.5838,191.52444,178.23822
23/03/2020,197.9442,184.05582,171.89026
24/03/2020,193.94913,182.77827,169.28096
25/03/2020,198.2081,191.39156,174.33801
26/03/2020,199.83774,191.51796,175.6845
27/03/2020,199.69476,190.80104,174.55446
28/03/2020,200.3325,191.6229,175.13507
29/03/2020,199.38849,192.80914,180.72052
30/03/2020,200.98943,194.64626,189.70631
31/03/2020,206.2991,196.85947,193.1317
1/04/2020,205.18181,199.54175,193.98415
2/04/2020,201.5671,195.64874,196.74438
3/04/2020,200.04263,197.17563,199.6706
4/04/2020,200.25586,196.7946,193.36429
5/04/2020,204.23091,198.02846,188.50798
6/04/2020,203.82146,195.83711,188.85072
7/04/2020,201.4221,191.76921,187.86296
8/04/2020,197.9908,189.53691,183.46599
9/04/2020,195.268,190.78229,184.42432
10/04/2020,197.98395,192.0149,186.00987
11/04/2020,202.46025,195.15062,190.50682
12/04/2020,202.1394,190.27199,187.24889
13/04/2020,196.24928,181.31438,181.43018
14/04/2020,194.06696,182.04716,178.06035
15/04/2020,195.16129,188.2608,176.4585
16/04/2020,196.23956,189.64694,175.37317
17/04/2020,197.96152,190.35878,172.11916
18/04/2020,200.90865,191.55365,176.6524
19/04/2020,204.93205,191.6119,174.9221
20/04/2020,208.55637,191.58795,174.09882
21/04/2020,209.57109,194.0538,174.89519
22/04/2020,206.94264,194.21426,173.22238
23/04/2020,208.69762,195.03177,174.16843
24/04/2020,214.66573,194.74184,173.21579
25/04/2020,213.85187,197.77116,177.67451
26/04/2020,208.42018,193.99422,180.81155
27/04/2020,206.55464,192.5177,184.66139
28/04/2020,205.39629,194.11308,186.68533
29/04/2020,199.16008,193.68718,189.69551
30/04/2020,197.7448,194.73482,190.91278
1/05/2020,200.42258,196.67537,190.79214
2/05/2020,200.10329,195.44374,178.50635
3/05/2020,196.57384,185.9005,173.37022
4/05/2020,191.71742,179.6605,170.60545
5/05/2020,192.13222,175.5998,167.71796
6/05/2020,196.0627,190.5885,172.81012
7/05/2020,201.89864,193.5825,177.57526
8/05/2020,206.86913,198.76094,177.94948
9/05/2020,207.31798,197.22006,181.74448
10/05/2020,207.19865,196.08044,179.56358
11/05/2020,207.27429,196.02663,175.82796
12/05/2020,207.94508,196.34456,175.98082
13/05/2020,207.35217,197.19292,181.26567
14/05/2020,200.54001,199.39075,181.20256
15/05/2020,194.29903,190.99477,175.58858
16/05/2020,193.25183,187.64621,175.32391
17/05/2020,194.83005,187.3848,185.05035
18/05/2020,195.42178,191.68793,190.89618
19/05/2020,198.94391,194.63362,193.48172
20/05/2020,198.61624,193.17696,194.81537
21/05/2020,203.90877,195.1956,192.0681
22/05/2020,202.22392,188.01373,194.88858
23/05/2020,195.25911,181.7828,174.85976
24/05/2020,189.8287,179.34793,171.3017
25/05/2020,188.92787,180.54424,168.62347
26/05/2020,189.9261,177.94348,170.49173
27/05/2020,192.63242,179.38998,177.02118
28/05/2020,197.93497,186.70093,173.92798
29/05/2020,204.43596,191.28633,174.23428
30/05/2020,209.69177,192.70459,178.09212
31/05/2020,209.76337,197.18723,188.99483
1/06/2020,205.82999,194.82114,185.10753
2/06/2020,204.67734,194.89934,177.35326
3/06/2020,202.33981,184.48343,168.71773
4/06/2020,195.67867,172.36224,163.21974
5/06/2020,191.45876,166.48146,157.7274
6/06/2020,192.35022,179.42477,163.57721
7/06/2020,196.56917,192.7294,173.36871
8/06/2020,199.22748,194.39935,173.2866
9/06/2020,199.94328,195.2472,179.11652
10/06/2020,201.50523,190.18661,180.71867
11/06/2020,200.15019,191.33165,186.9368
12/06/2020,199.46996,194.28732,190.25856
13/06/2020,199.65271,195.36888,192.05516
14/06/2020,203.57254,197.54875,193.57463
15/06/2020,205.28217,197.58917,192.52415
16/06/2020,204.70854,196.25713,190.87122
17/06/2020,203.04713,193.29124,187.21017
18/06/2020,199.77316,191.11473,186.88602
19/06/2020,203.03621,191.37207,188.06271
20/06/2020,201.19182,194.25949,185.12247
21/06/2020,199.67949,192.13123,185.72961
22/06/2020,202.63527,192.56822,186.02124
23/06/2020,204.19508,193.12239,184.82373
24/06/2020,204.33861,193.94426,183.339
25/06/2020,204.37029,191.24277,180.76546
26/06/2020,198.8002,184.33437,180.95099
27/06/2020,195.65823,177.41092,184.37859
28/06/2020,196.45734,179.71439,176.98427
29/06/2020,197.99496,189.76926,175.66824
30/06/2020,195.32448,187.55522,173.37024
1/07/2020,198.18944,193.92212,173.52814
2/07/2020,204.81491,194.66975,172.27634
3/07/2020,207.65843,192.20944,173.66609
4/07/2020,207.87643,194.94635,171.357
5/07/2020,205.03133,191.16934,166.52133
6/07/2020,204.01123,185.51265,156.05792
7/07/2020,201.08449,188.2908,154.47824
8/07/2020,199.09712,185.3303,154.82335
9/07/2020,196.96901,190.33966,161.36954
10/07/2020,200.11224,192.72218,162.90659
11/07/2020,206.13509,193.17744,170.246
12/07/2020,204.62543,193.55307,171.56232
13/07/2020,199.30743,187.75565,177.1708
14/07/2020,194.49223,176.89105,166.20041
15/07/2020,190.74446,169.74338,155.70387
16/07/2020,185.5699,171.62361,158.25757
17/07/2020,187.53995,173.11655,155.92322
18/07/2020,187.14577,176.54628,157.22049
19/07/2020,193.3715,176.9788,160.04355
20/07/2020,195.09605,188.62376,168.61795
21/07/2020,196.81023,191.87437,174.40279
22/07/2020,198.55257,191.24666,173.07895
23/07/2020,202.54878,192.32649,174.87709
24/07/2020,206.16757,191.85065,175.26389
25/07/2020,206.02023,191.38367,175.15916
26/07/2020,201.78726,183.23888,171.99289
27/07/2020,196.20447,179.8733,169.8177
28/07/2020,195.20166,175.62993,163.95607
29/07/2020,196.97412,179.5659,172.1353
30/07/2020,193.64497,183.08026,179.81929
31/07/2020,195.52908,181.2478,183.92183
1/08/2020,193.97392,183.14728,186.51419
2/08/2020,195.45105,184.4844,185.09958
3/08/2020,199.5779,192.854,184.08055
4/08/2020,202.13986,192.3686,186.02148
5/08/2020,206.14017,196.28209,185.68361
6/08/2020,206.68788,197.45393,185.76736
7/08/2020,199.33286,188.84898,183.73781
8/08/2020,194.59778,181.1187,185.78754
9/08/2020,192.13806,182.24422,185.13124
10/08/2020,192.17801,175.87978,176.69547
11/08/2020,192.8444,175.28235,171.46779
12/08/2020,196.99461,179.91907,172.1053
13/08/2020,199.18414,190.84326,185.41646
14/08/2020,204.83258,190.929,187.72586
15/08/2020,210.47998,191.03596,185.42468
16/08/2020,205.87881,192.76758,184.94954
17/08/2020,205.65077,194.89966,183.94923
18/08/2020,205.10777,189.69978,182.3728
19/08/2020,200.48424,191.28166,185.13774
20/08/2020,201.03401,193.68216,185.38411
21/08/2020,201.04556,193.91257,184.03995
22/08/2020,200.56927,194.74786,185.34012
23/08/2020,201.7751,194.83731,182.84363
24/08/2020,194.78795,185.73122,176.9817
25/08/2020,189.1964,180.06789,167.57597
26/08/2020,190.89452,184.09076,164.91525
27/08/2020,198.2779,188.9385,165.69907
28/08/2020,200.64377,187.11072,168.04277
29/08/2020,198.28015,187.67513,168.2105
30/08/2020,206.32542,194.14534,174.30391
31/08/2020,204.38087,190.03545,171.58348
1/09/2020,202.6682,189.78064,163.06137
2/09/2020,205.69736,192.7432,164.4031
3/09/2020,206.26134,195.51082,183.22435
4/09/2020,206.64467,196.75288,186.31645
5/09/2020,205.64047,196.83131,185.32076
6/09/2020,204.59712,195.33272,187.02731
7/09/2020,206.07411,197.71526,189.2547
8/09/2020,202.75836,193.00645,187.24428
9/09/2020,201.37811,192.69058,188.40108
10/09/2020,198.41287,189.46973,186.08972
11/09/2020,192.0854,185.48239,188.51054
12/09/2020,195.00935,192.83153,191.30568
13/09/2020,202.71793,196.98396,197.60132
14/09/2020,204.80777,197.5719,189.34201
15/09/2020,202.55501,196.40388,190.60919
16/09/2020,201.6231,196.27829,196.1666
17/09/2020,200.12445,193.4558,196.09166
18/09/2020,198.3265,191.85304,190.0433
19/09/2020,195.78842,185.29352,191.0176
20/09/2020,192.40428,186.27226,199.2289
21/09/2020,195.83264,191.21558,197.23038
22/09/2020,198.4044,195.55118,197.8975
23/09/2020,203.82109,197.7274,192.11745
24/09/2020,204.79968,198.58307,190.88425
25/09/2020,204.6047,196.82758,190.80426
26/09/2020,203.61014,197.29175,191.11713
27/09/2020,202.38997,191.47412,184.38036
28/09/2020,201.43465,183.46098,173.02701
29/09/2020,198.38647,185.84027,167.7678
30/09/2020,191.15001,178.28908,155.04742
1/10/2020,186.36249,172.18207,155.06474
2/10/2020,194.64355,178.54904,163.7614
3/10/2020,201.09416,195.1078,174.36057
4/10/2020,197.73282,192.163,184.9537
5/10/2020,195.85844,196.1753,190.4987
6/10/2020,197.39056,201.2015,193.4748
7/10/2020,195.38544,191.8933,196.07355
8/10/2020,193.46083,191.35701,198.60727
9/10/2020,195.88266,191.38342,198.76302
10/10/2020,199.72113,193.11082,193.33421
11/10/2020,199.898,192.02946,190.49788
12/10/2020,200.51039,192.81006,189.57669
13/10/2020,201.2727,197.1058,192.58473
14/10/2020,199.45683,192.80655,192.41864
15/10/2020,196.39992,187.99521,191.88931
16/10/2020,196.72433,188.99695,193.92264
17/10/2020,197.80078,191.49458,197.23004
18/10/2020,197.78568,191.82578,197.90416
19/10/2020,197.07979,191.81726,191.67502
20/10/2020,203.59819,192.06078,189.30287
21/10/2020,206.77652,193.95354,188.60529
22/10/2020,203.17761,197.15433,191.90318
23/10/2020,198.80794,192.09341,193.15625
24/10/2020,197.15022,194.07037,198.3309
25/10/2020,194.98291,188.925,197.78914
26/10/2020,191.64876,185.0302,187.3386
27/10/2020,190.89424,181.64061,182.01944
28/10/2020,193.36456,184.16904,176.48161
29/10/2020,194.94511,180.35185,177.95921
30/10/2020,196.237,184.97963,181.9322
31/10/2020,200.18054,189.78236,180.91023
1/11/2020,201.03485,186.39578,181.26709
2/11/2020,199.47418,182.23178,172.70235
3/11/2020,197.67583,178.89973,170.98792
4/11/2020,197.92372,183.90619,181.18417
5/11/2020,194.91183,186.73694,184.67935
6/11/2020,194.64572,182.65433,172.18364
7/11/2020,197.13522,181.35512,170.69072
8/11/2020,196.32117,184.50804,174.7139
9/11/2020,197.51572,190.87329,179.04272
10/11/2020,199.90706,192.54001,179.2753
11/11/2020,199.96083,186.66928,178.75761
12/11/2020,197.311,187.04782,188.10963
13/11/2020,195.86786,189.45618,188.83632
14/11/2020,199.43669,194.58182,189.11191
15/11/2020,206.32426,198.96169,189.54625
16/11/2020,204.65703,192.23286,189.78206
17/11/2020,203.97983,192.26413,191.61809
18/11/2020,205.16464,195.70593,192.5894
19/11/2020,202.96515,195.97945,187.82498
20/11/2020,200.12953,194.7237,189.22778
21/11/2020,203.17007,196.79231,192.51492
22/11/2020,204.01184,197.48318,192.12111
23/11/2020,204.87447,198.08708,192.4062
24/11/2020,203.31161,196.2259,187.03197
25/11/2020,203.0587,194.32025,179.62314
26/11/2020,200.42671,188.81992,181.22855
27/11/2020,198.2967,186.48503,181.81657
28/11/2020,204.36217,192.60022,187.77391
29/11/2020,199.0722,186.13132,187.21431
30/11/2020,195.9033,182.8999,181.95525
1/12/2020,197.28534,184.60374,184.77913
2/12/2020,195.4889,192.42883,189.98831
3/12/2020,197.92029,192.89372,191.85188
4/12/2020,198.26768,189.72348,185.96696
5/12/2020,205.35378,194.9746,187.38872
6/12/2020,207.45772,193.29337,184.89407
7/12/2020,208.3651,195.03625,184.42754
8/12/2020,206.0769,192.61627,183.3668
9/12/2020,203.46951,190.51926,175.58418
10/12/2020,198.67162,186.69785,175.03067
11/12/2020,192.07755,182.97888,177.64503
12/12/2020,192.20769,182.95131,179.52873
13/12/2020,194.37344,184.66183,186.95216
14/12/2020,195.64645,187.24344,182.01482
15/12/2020,192.6102,184.6141,187.10149
16/12/2020,194.42905,190.7481,189.71912
17/12/2020,194.97939,195.45178,192.158
18/12/2020,193.90228,198.19954,191.09529
19/12/2020,194.3007,193.98807,191.5995
20/12/2020,195.81064,193.84119,196.40878
21/12/2020,196.35605,194.06079,197.95972
22/12/2020,197.86311,194.13763,198.54416
23/12/2020,196.44884,192.3382,197.5193
24/12/2020,195.97694,191.18997,194.39978
25/12/2020,197.08417,192.05763,189.51192
26/12/2020,199.90619,195.00648,190.29321
27/12/2020,200.74048,194.53203,193.52466
28/12/2020,199.16386,192.29158,192.75163
29/12/2020,199.08095,193.28294,191.11226
30/12/2020,201.32164,194.04485,188.43686
31/12/2020,201.48354,195.79497,188.83963
1/01/2021,199.19292,197.35228,190.67868
2/01/2021,198.67911,195.708,190.973
3/01/2021,196.31659,188.81314,195.08916
4/01/2021,194.77022,190.2836,194.90935
5/01/2021,196.92426,195.68317,194.3801
6/01/2021,197.25005,196.08711,195.4926
7/01/2021,194.53966,193.36612,188.96935
8/01/2021,192.91066,189.99689,182.5608
9/01/2021,194.864,187.15445,184.12222
10/01/2021,195.23288,191.16699,187.14491
11/01/2021,200.51706,195.4032,189.93996
12/01/2021,203.9269,199.1138,193.04893
13/01/2021,203.94661,196.10667,190.37006
14/01/2021,201.18439,196.38274,194.15733
15/01/2021,200.29912,196.82785,194.06647
16/01/2021,203.11218,196.80481,189.36508
17/01/2021,201.54977,191.68268,186.276
18/01/2021,202.93375,193.22925,186.39485
19/01/2021,197.36292,185.32182,191.96736
20/01/2021,189.16298,176.16577,181.03566
21/01/2021,184.04025,176.50023,175.0626
22/01/2021,185.64601,175.59071,175.26971
23/01/2021,195.05612,186.39137,179.57875
24/01/2021,199.00905,193.85458,186.83604
25/01/2021,196.96712,192.90977,188.90813
26/01/2021,195.76198,198.72098,190.9149
27/01/2021,194.41556,198.95576,196.37547
28/01/2021,192.72063,195.9635,200.36531
29/01/2021,192.45644,190.41818,198.06119
30/01/2021,194.91295,192.29567,195.38037
31/01/2021,195.94405,192.12178,197.48746
1/02/2021,198.5247,194.20357,196.22292
2/02/2021,196.63274,194.21631,195.49852
3/02/2021,195.23561,194.10681,190.14513
4/02/2021,194.4328,189.11076,187.08325
5/02/2021,193.05788,194.4239,195.61678
6/02/2021,194.20247,197.14128,193.94032
7/02/2021,194.89278,199.6577,191.87009
8/02/2021,193.57507,196.82782,194.80095
9/02/2021,195.16095,192.89958,190.76025
10/02/2021,196.31381,193.44641,186.49596
11/02/2021,196.80452,191.4951,182.9896
12/02/2021,195.83946,188.42868,186.9015
13/02/2021,193.37769,189.57446,187.55424
14/02/2021,193.84894,186.18544,182.55797
15/02/2021,194.49574,183.71835,178.97163
16/02/2021,194.85794,182.71692,176.79277
17/02/2021,194.48865,181.51807,174.5261
18/02/2021,193.58722,184.45183,173.10025
19/02/2021,195.91243,179.61444,169.86284
20/02/2021,195.85161,183.06548,184.27046
21/02/2021,193.84715,186.19571,188.15991
22/02/2021,193.50359,189.58199,186.36183
23/02/2021,192.79535,189.67958,185.57166
24/02/2021,193.28174,187.69342,182.11913
25/02/2021,194.22618,187.10777,188.70996
26/02/2021,196.19218,194.18057,193.73865
27/02/2021,201.21992,194.28235,192.61163
28/02/2021,205.61726,194.41893,187.83826
1/03/2021,205.5558,196.0448,189.2739
2/03/2021,203.1756,192.61255,189.04921
3/03/2021,196.74406,187.23183,182.98186
4/03/2021,199.34267,190.25357,178.63489
5/03/2021,198.23674,187.69508,178.34923
6/03/2021,190.96342,181.46474,171.07205
7/03/2021,187.74753,176.12526,160.89308
8/03/2021,194.08951,178.84187,162.04968
9/03/2021,203.11058,191.34053,175.43321
10/03/2021,203.88863,193.50232,177.51814
11/03/2021,211.82527,201.68892,179.06097
12/03/2021,203.23079,193.42519,183.50885
13/03/2021,201.00262,193.36891,190.62218
14/03/2021,199.72693,189.66928,189.68848
15/03/2021,196.38448,187.6479,185.58487
16/03/2021,196.16719,192.23726,183.50146
17/03/2021,193.93222,188.17488,188.62874
18/03/2021,192.61377,182.83122,189.24394
19/03/2021,192.3092,181.91333,188.83255
20/03/2021,193.05713,184.77391,186.5309
21/03/2021,191.64001,183.01555,184.06532
22/03/2021,193.35834,191.80943,184.42564
23/03/2021,191.6137,195.81067,188.40862
24/03/2021,192.73878,195.63235,191.09547
25/03/2021,195.17049,197.16,193.61377
26/03/2021,195.78218,195.94217,196.9873
27/03/2021,195.71164,194.92975,195.17606
28/03/2021,200.18672,196.7406,192.32716
29/03/2021,202.77481,193.49738,191.5388
30/03/2021,200.19206,193.55197,188.59882
31/03/2021,197.83755,187.73573,178.56818
1/04/2021,201.82214,191.24818,177.89336
2/04/2021,206.42984,192.00093,177.81276
3/04/2021,208.2096,192.7128,176.3593
4/04/2021,208.00414,196.45024,176.91028
5/04/2021,207.673,198.40172,183.4767
6/04/2021,206.13191,198.69931,185.29068
7/04/2021,203.48257,196.8271,186.28027
8/04/2021,200.91531,196.52008,190.84064
9/04/2021,196.10327,189.86633,191.72375
10/04/2021,194.26634,189.4205,193.08153
11/04/2021,200.91824,194.45227,191.50226
12/04/2021,198.97522,187.46649,186.47838
13/04/2021,194.38147,183.59538,178.68915
14/04/2021,195.47037,188.42902,179.57771
15/04/2021,201.49895,191.49957,177.43292
16/04/2021,205.53514,192.05959,183.17276
17/04/2021,201.90636,189.11285,175.83975
18/04/2021,202.40729,189.93541,180.11606
19/04/2021,206.9287,192.28172,176.44315
20/04/2021,210.36443,192.90779,174.56882
21/04/2021,207.96895,193.43668,175.55125
22/04/2021,207.25568,192.12727,174.61732
23/04/2021,207.35649,192.91963,172.30576
24/04/2021,203.5619,193.7795,177.57242
25/04/2021,206.81345,193.47096,176.15628
26/04/2021,210.6109,193.3065,175.6516
27/04/2021,207.9539,192.35225,176.13861
28/04/2021,208.04614,190.32253,176.95271
29/04/2021,209.51006,190.05339,176.42334
30/04/2021,211.52563,190.12492,173.2447
1/05/2021,210.05383,190.3213,175.17308
2/05/2021,207.59491,193.8566,182.379
3/05/2021,205.11023,195.60751,184.77582
4/05/2021,202.61644,196.57483,186.39406
5/05/2021,199.99771,195.52353,188.38148
6/05/2021,194.54039,187.57314,188.32356
7/05/2021,190.55084,184.57016,193.29074
8/05/2021,188.67654,183.87582,193.0295
9/05/2021,191.49138,185.1373,191.1485
10/05/2021,191.24287,193.263,194.06836
11/05/2021,199.59065,197.92543,192.26535
12/05/2021,198.17313,194.62875,192.83162
13/05/2021,194.79555,192.90178,193.74475
14/05/2021,196.3472,193.72475,195.7307
15/05/2021,194.0622,188.15997,188.42603
16/05/2021,190.35141,186.06435,179.98334
17/05/2021,194.68729,191.32263,181.19133
18/05/2021,195.52628,189.76913,176.23233
19/05/2021,195.47714,189.34102,176.28476
20/05/2021,198.46696,190.79678,181.08699
21/05/2021,201.76218,192.1405,178.92918
22/05/2021,205.96347,193.17204,176.45866
23/05/2021,208.31038,194.69884,177.44783
24/05/2021,202.5763,195.23572,174.26755
25/05/2021,199.58916,190.30421,171.24332
26/05/2021,194.68185,186.9382,182.25677
27/05/2021,192.78906,183.9512,189.86554
28/05/2021,190.39693,179.22266,191.29764
29/05/2021,186.09888,173.93549,173.53737
30/05/2021,184.43257,168.7278,165.5916
31/05/2021,184.17805,172.26678,166.81595
1/06/2021,188.2015,171.59949,171.16982
2/06/2021,195.75165,188.03459,176.0975
3/06/2021,206.43562,195.59346,175.50957
4/06/2021,208.7235,194.52896,177.44556
5/06/2021,204.53654,190.85136,173.39313
6/06/2021,207.96396,192.41881,174.94806
7/06/2021,210.4797,192.02655,173.44594
8/06/2021,208.31688,193.99876,184.62964
9/06/2021,205.33524,194.19987,183.1235
10/06/2021,201.81213,194.25092,182.52307
11/06/2021,199.11996,193.2213,187.08255
12/06/2021,199.90578,190.6777,188.67778
13/06/2021,199.1361,188.53387,188.91924
14/06/2021,198.05577,189.3962,188.19608
15/06/2021,199.87073,191.86714,188.4229
16/06/2021,201.70534,191.94757,186.92068
17/06/2021,202.93733,191.32635,182.54868
18/06/2021,199.01941,185.50262,175.6232
19/06/2021,193.38083,179.04123,169.26791
20/06/2021,191.20439,172.85172,162.29178
21/06/2021,194.72592,168.8679,160.84377
22/06/2021,197.5334,179.45387,170.62411
23/06/2021,200.28346,188.63254,177.38708
24/06/2021,206.4058,191.6814,180.01712
25/06/2021,209.11736,194.84964,189.51877
26/06/2021,208.06175,198.66385,187.81905
27/06/2021,204.12975,198.79955,184.9265
28/06/2021,201.54385,192.77408,177.27753
29/06/2021,200.764,190.18152,172.59474
30/06/2021,196.54692,184.02896,173.51546
1/07/2021,187.54568,176.43246,175.34142
2/07/2021,189.8383,170.96796,180.29631
3/07/2021,193.4507,182.7508,184.01688
4/07/2021,194.36621,185.98253,186.98077
5/07/2021,192.93025,190.44403,188.2409
6/07/2021,189.56517,192.94244,193.35684
7/07/2021,192.59886,189.4792,192.84583
8/07/2021,193.28426,190.05125,193.71526
9/07/2021,199.45564,191.31589,189.0641
10/07/2021,196.61526,184.72714,182.14407
11/07/2021,194.01942,176.99942,179.16823
12/07/2021,194.7325,174.08923,175.39296
13/07/2021,196.09828,181.9079,182.02022
14/07/2021,202.26178,189.45349,186.63008
15/07/2021,206.50989,195.72949,187.60861
16/07/2021,204.37242,199.55736,188.12375
17/07/2021,204.94969,196.37633,183.64484
18/07/2021,206.91507,192.58585,176.03592
19/07/2021,211.11313,190.37917,171.34317
20/07/2021,206.05965,187.38173,163.10188
21/07/2021,198.46722,180.78148,147.81348
22/07/2021,191.26494,173.82028,153.97539
23/07/2021,194.40102,186.02267,171.38033
24/07/2021,203.72002,193.90741,173.17876
25/07/2021,206.67815,198.0328,173.63347
26/07/2021,206.31934,199.22351,172.47278
27/07/2021,204.90948,197.64398,177.1174
28/07/2021,204.68056,197.36119,181.2714
29/07/2021,207.88383,197.24431,183.3187
30/07/2021,207.62749,198.99739,183.85744
31/07/2021,206.9182,190.2998,181.661
1/08/2021,203.48726,189.79315,185.64369
2/08/2021,202.0658,194.19554,188.91338
3/08/2021,200.38896,195.67175,187.64116
4/08/2021,201.05899,191.26782,187.61049
5/08/2021,199.94882,191.28723,178.92355
6/08/2021,198.63289,188.37343,172.97331
7/08/2021,199.12527,188.68108,177.66397
8/08/2021,200.4738,189.71321,168.84918
9/08/2021,197.40086,187.05489,166.77573
10/08/2021,196.28937,190.20805,164.95763
11/08/2021,201.57623,197.02943,165.18433
12/08/2021,207.40726,199.45525,180.76224
13/08/2021,206.72777,201.50949,181.11633
14/08/2021,204.95456,198.67401,187.67372
15/08/2021,203.86075,197.54137,187.36412
16/08/2021,202.34282,194.64406,174.96877
17/08/2021,200.21158,187.44484,172.85466
18/08/2021,198.2646,181.70943,157.81674
19/08/2021,196.25482,187.2147,162.53937
20/08/2021,200.05695,189.62009,168.7441
21/08/2021,201.86699,191.63618,173.02946
22/08/2021,203.81903,195.92444,176.60318
23/08/2021,199.41162,191.04457,187.14363
24/08/2021,197.07541,188.73802,185.74014
25/08/2021,190.17181,185.38783,180.85493
26/08/2021,188.2198,178.61417,176.25545
27/08/2021,190.17133,174.89903,177.64642
28/08/2021,192.38893,179.93605,179.7404
29/08/2021,194.29584,180.96822,176.18996
30/08/2021,197.92636,187.75458,173.46269
31/08/2021,205.59735,191.85307,174.7453
1/09/2021,208.51122,192.76062,174.47955
2/09/2021,206.24416,190.94205,177.15918
3/09/2021,198.13034,187.675,188.93275
4/09/2021,197.23994,191.87778,189.9297
5/09/2021,200.12688,194.42006,189.06735
6/09/2021,196.8979,192.0733,188.19524
7/09/2021,190.62169,188.68971,179.94402
8/09/2021,190.59137,183.38509,182.16643
9/09/2021,191.90271,186.61986,183.04291
10/09/2021,198.93985,192.16547,184.5417
11/09/2021,203.04433,194.38432,184.66446
12/09/2021,207.61827,201.71666,181.59625
13/09/2021,208.98337,197.00665,183.94666
14/09/2021,203.71167,193.45154,180.28075
15/09/2021,201.51392,184.01213,172.82748
16/09/2021,198.42389,179.25046,168.97137
17/09/2021,196.82047,178.58865,174.8825
18/09/2021,195.7568,181.90202,181.22266
19/09/2021,199.3791,194.23451,184.68115
20/09/2021,200.18277,194.86775,181.1481
21/09/2021,198.73967,188.00876,172.61299
22/09/2021,196.87758,185.20685,169.6578
23/09/2021,200.18288,187.86298,175.55968
24/09/2021,202.58821,191.24368,180.60645
25/09/2021,203.76068,191.85085,175.21991
26/09/2021,202.57741,191.95749,175.24901
27/09/2021,201.67781,192.70729,176.97559
28/09/2021,199.93945,192.36484,178.38612
29/09/2021,198.21623,193.54765,185.76802
30/09/2021,195.47102,190.63025,186.66406
1/10/2021,195.20082,193.81398,193.4605
2/10/2021,196.62321,196.33826,196.28644
3/10/2021,197.5425,197.30934,199.45584
4/10/2021,197.42421,195.33113,199.99135
5/10/2021,200.39177,194.05486,192.55762
6/10/2021,201.24236,190.39816,187.35632
7/10/2021,197.91165,187.55537,185.25568
8/10/2021,195.74442,185.99634,186.45244
9/10/2021,199.35562,191.87236,187.51463
10/10/2021,204.98941,189.44485,187.99257
11/10/2021,202.82695,192.17326,188.10326
12/10/2021,202.58377,196.50775,188.27559
13/10/2021,199.26895,190.54002,185.9306
14/10/2021,194.74408,187.71681,194.66116
15/10/2021,195.36018,191.6884,196.54602
16/10/2021,196.85132,195.92892,190.69519
17/10/2021,199.54764,193.40282,184.02884
18/10/2021,196.19394,191.34903,180.43521
19/10/2021,200.66037,192.12885,183.98691
20/10/2021,199.65274,190.2216,181.38177
21/10/2021,198.26724,189.29231,180.7802
22/10/2021,196.64587,184.65134,178.13425
23/10/2021,198.49677,190.01234,177.7421
24/10/2021,199.99443,189.76672,177.91107
25/10/2021,196.81612,186.7145,183.90962
26/10/2021,197.28448,186.61623,179.3357
27/10/2021,198.66954,192.02676,181.6687
28/10/2021,203.66621,190.66382,181.67702
29/10/2021,207.84879,192.94437,185.81802
30/10/2021,205.9174,190.63661,184.1778
31/10/2021,199.56882,182.72847,169.93121
1/11/2021,197.72217,183.56894,161.73694
2/11/2021,203.2969,193.74657,170.04895
3/11/2021,205.16486,198.11316,182.46918
4/11/2021,202.88597,193.59193,189.54616
5/11/2021,200.39752,191.07718,186.86328
6/11/2021,195.1461,190.93234,192.29907
7/11/2021,196.91759,192.76219,194.09494
8/11/2021,201.29504,194.57762,191.53589
9/11/2021,203.86232,192.22522,190.8433
10/11/2021,205.91432,194.38777,191.24585
11/11/2021,202.1037,192.71385,191.9402
12/11/2021,200.0814,191.10303,194.17819
13/11/2021,202.78297,191.68707,189.52145
14/11/2021,203.55534,190.82187,183.15999
15/11/2021,204.25189,191.52063,177.75896
16/11/2021,202.57808,190.82556,174.15123
17/11/2021,203.94295,189.64049,169.44972
18/11/2021,204.69705,189.96451,168.68254
19/11/2021,204.6688,195.59941,173.1243
20/11/2021,204.82799,199.85721,177.86691
21/11/2021,200.81874,185.01746,177.49687
22/11/2021,196.69524,183.33139,183.59505
23/11/2021,196.08562,182.12706,188.08032
24/11/2021,194.94023,189.6645,191.44856
25/11/2021,197.63478,194.99094,194.4983
26/11/2021,196.0141,196.6519,194.05573
27/11/2021,191.52715,192.45508,183.67276
28/11/2021,190.59813,185.41379,171.58328
29/11/2021,192.5647,177.42935,174.65762
30/11/2021,193.95331,181.21407,180.5837
1/12/2021,203.40063,190.2566,186.57338
2/12/2021,206.69875,194.60832,187.7297
3/12/2021,208.84604,197.1035,189.8914
4/12/2021,205.94609,195.44133,190.13448
5/12/2021,201.35707,189.18689,181.94162
6/12/2021,196.49258,192.69475,183.84258
7/12/2021,197.04047,195.20891,187.39505
8/12/2021,199.70305,196.97626,192.05606
9/12/2021,203.66206,197.23784,191.89746
10/12/2021,201.18127,196.42242,188.09462
11/12/2021,197.76564,187.02362,181.26947
12/12/2021,193.99614,180.93109,177.19109
13/12/2021,195.10796,176.67049,173.5536
14/12/2021,196.9744,181.95976,172.37593
15/12/2021,201.78293,192.22824,178.51755
16/12/2021,202.6245,192.58633,180.07259
17/12/2021,201.46365,192.15053,181.21167
18/12/2021,202.38307,194.47125,180.36072
19/12/2021,203.08574,195.30872,189.5498
20/12/2021,205.38199,196.32475,186.42061
21/12/2021,206.9776,197.63109,185.46362
22/12/2021,204.18872,193.23622,186.29889
23/12/2021,202.73352,194.94484,188.88002
24/12/2021,205.34273,194.83272,191.66705
25/12/2021,202.83066,189.94424,187.43433
26/12/2021,201.17635,193.62585,190.11307
27/12/2021,197.08116,189.5997,189.48843
28/12/2021,194.44437,181.7532,188.52979
29/12/2021,196.38486,185.37355,188.46585
30/12/2021,203.07808,190.21507,186.89627
31/12/2021,204.17451,194.38766,189.89432
1/01/2022,201.18742,197.54843,192.73729
2/01/2022,197.67996,195.10791,195.23003
3/01/2022,196.03003,189.40085,198.83138
4/01/2022,195.0094,189.02615,200.99268
5/01/2022,193.62631,191.37927,198.75316
6/01/2022,193.55214,196.04185,200.81993
7/01/2022,193.43097,199.67902,195.43034
8/01/2022,195.41599,199.26535,193.73259
9/01/2022,198.7948,199.46815,187.38527
10/01/2022,202.71251,197.46526,189.53479
11/01/2022,203.1308,196.62256,188.50099
12/01/2022,203.1217,197.65115,190.62802
13/01/2022,201.27876,192.18393,193.4721
14/01/2022,198.93965,187.31114,197.47998
15/01/2022,197.0793,188.39699,199.44395
16/01/2022,198.63579,189.76344,198.1492
17/01/2022,194.58179,190.38686,202.33395
18/01/2022,190.80661,191.41669,195.98294
19/01/2022,188.51114,193.52098,195.18909
20/01/2022,191.04126,189.47388,190.20013
21/01/2022,192.79422,185.40633,186.89919
22/01/2022,195.44524,185.97119,187.89307
23/01/2022,198.0765,190.47159,189.27911
24/01/2022,198.48314,188.58167,186.39299
25/01/2022,197.43018,186.48318,185.98845
26/01/2022,196.90573,187.17108,185.3577
27/01/2022,196.71085,192.15129,189.08818
28/01/2022,195.63754,195.40544,196.30008
29/01/2022,193.61032,195.59726,197.8115
30/01/2022,192.33951,196.71606,198.21326
31/01/2022,196.38884,197.29727,196.33174
1/02/2022,195.00432,192.00551,200.3395
2/02/2022,193.80199,190.34967,196.03755
3/02/2022,192.40034,192.51137,190.52534
4/02/2022,192.78853,189.43124,184.91458
5/02/2022,192.4773,179.85228,178.97794
6/02/2022,192.31,178.29875,173.15466
7/02/2022,193.84593,177.62141,170.64842
8/02/2022,191.89641,178.60965,167.64394
9/02/2022,192.56624,178.26537,166.90903
10/02/2022,197.48453,185.60158,172.67656
11/02/2022,199.66632,191.10962,179.00107
12/02/2022,199.24844,185.34068,178.26144
13/02/2022,198.58827,181.30136,173.85558
14/02/2022,198.70177,180.15756,175.25226
15/02/2022,196.08714,180.36156,182.86276
16/02/2022,197.01564,192.3119,189.81557
17/02/2022,203.64708,196.07019,191.47726
18/02/2022,203.26262,194.90814,193.18748
19/02/2022,201.39308,195.5405,193.50815
20/02/2022,199.31252,193.71329,194.74246
21/02/2022,199.09032,196.01273,199.49405
22/02/2022,198.33636,196.26822,200.8081
23/02/2022,199.1919,196.03691,198.32402
24/02/2022,196.28308,196.31015,201.27924
25/02/2022,194.98018,195.0453,199.73416
26/02/2022,196.2631,197.3168,198.8344
27/02/2022,195.44525,195.50078,200.37856
28/02/2022,194.57109,197.00813,198.80986
1/03/2022,192.70833,198.36816,197.09561
2/03/2022,191.1747,193.93861,192.32642
3/03/2022,189.34128,192.4244,188.84317
4/03/2022,187.43619,192.65918,188.39258
5/03/2022,187.67412,194.12604,189.3721
6/03/2022,186.72296,195.25749,192.67146
7/03/2022,184.33354,197.94318,192.70926
8/03/2022,192.1657,199.62637,194.22475
9/03/2022,189.23227,197.63274,191.16324
10/03/2022,186.97589,187.37572,183.00487
11/03/2022,191.45944,180.88011,175.96489
12/03/2022,192.24818,181.0849,177.65016
13/03/2022,193.0635,183.60101,172.22754
14/03/2022,197.74246,192.79976,174.73491
15/03/2022,199.22188,190.60123,176.83237
16/03/2022,196.40833,188.0288,178.54626
17/03/2022,194.43405,187.73099,186.75137
18/03/2022,194.27461,187.46487,189.20691
19/03/2022,195.74174,192.16196,188.11926
20/03/2022,194.60522,187.4627,186.19438
21/03/2022,193.20232,183.54945,179.13216
22/03/2022,195.3569,181.77565,174.56409
23/03/2022,196.12576,182.42555,177.799
24/03/2022,198.3488,188.08792,179.30264
25/03/2022,204.80064,193.72139,180.44948
26/03/2022,202.7482,193.50377,179.59885
27/03/2022,201.36343,192.87315,186.43117
28/03/2022,201.26033,193.30403,192.48796
29/03/2022,197.47865,196.19301,195.43301
30/03/2022,196.0217,193.61789,199.45259
31/03/2022,193.15776,191.83885,195.17699
1/04/2022,189.45003,189.92828,179.87321
2/04/2022,184.69589,185.29846,168.86142
3/04/2022,186.71733,177.74524,169.91208
4/04/2022,193.72682,184.1538,178.1098
5/04/2022,203.06549,191.50862,183.64714
6/04/2022,210.66081,194.947,178.85254
7/04/2022,203.51169,188.27187,178.19357
8/04/2022,199.18892,182.50266,177.07582
9/04/2022,195.94597,178.49745,178.91335
10/04/2022,195.99854,178.40608,183.0822
11/04/2022,194.79655,180.9322,185.8225
12/04/2022,192.99957,182.75845,187.535
13/04/2022,193.20749,188.83934,187.36469
14/04/2022,190.0409,191.0848,189.86224
15/04/2022,191.10918,191.38342,194.8174
16/04/2022,190.66084,193.29416,197.71707
17/04/2022,194.81056,196.35196,197.87129
18/04/2022,196.45079,195.69656,198.99362
19/04/2022,194.89882,194.71194,199.21254
20/04/2022,196.89731,195.331,196.57227
21/04/2022,197.19197,194.96237,191.74908
22/04/2022,197.22379,191.44438,181.80295
23/04/2022,196.553,190.44257,183.7685
24/04/2022,197.94022,191.54996,185.48158
25/04/2022,196.53247,193.3818,186.53038
26/04/2022,198.67313,193.65543,187.06773
27/04/2022,199.49788,192.7545,187.56624
28/04/2022,199.06604,195.3472,190.82913
29/04/2022,197.9014,194.31097,193.05016
30/04/2022,197.3405,193.64378,192.68631
1/05/2022,199.95235,193.90576,193.18434
2/05/2022,201.7921,193.82077,192.20258
3/05/2022,200.32195,193.377,193.52933
4/05/2022,198.6913,193.44907,197.30116
5/05/2022,197.60016,194.08601,194.59143
6/05/2022,197.01335,193.8371,196.45872
7/05/2022,198.9144,194.71123,192.80756
8/05/2022,200.79626,195.50552,191.2108
9/05/2022,199.42494,191.93323,190.51132
10/05/2022,196.73454,191.58464,190.68192
11/05/2022,195.0542,188.97266,195.3002
12/05/2022,192.40465,190.34106,197.85269
13/05/2022,193.54643,191.76097,195.86807
14/05/2022,195.62834,194.98628,193.26575
15/05/2022,197.22464,197.1624,194.81067
16/05/2022,202.72043,198.71608,190.48164
17/05/2022,205.61536,196.96896,188.86566
18/05/2022,206.40341,198.15929,190.3762
19/05/2022,202.61081,192.65143,186.29697
20/05/2022,203.65695,188.97551,173.85713
21/05/2022,197.31944,182.07368,169.368
22/05/2022,195.32368,188.08646,171.41396
23/05/2022,190.91267,183.98393,167.17525
24/05/2022,188.44896,180.05635,164.41907
25/05/2022,193.59735,182.50386,166.56367
26/05/2022,196.6806,190.8836,174.01575
27/05/2022,200.45514,192.43504,174.5031
28/05/2022,198.1438,195.81987,181.0069
29/05/2022,196.90686,199.31206,185.33855
30/05/2022,197.08186,198.21597,185.66347
31/05/2022,201.1831,199.16649,187.72865
1/06/2022,201.23595,195.36353,182.43698
2/06/2022,204.50058,192.49167,171.66618
3/06/2022,198.81897,184.2172,165.90744
4/06/2022,196.92828,184.85312,161.368
5/06/2022,200.35715,191.96982,165.8757
6/06/2022,203.16116,193.83752,171.69788
7/06/2022,204.72699,197.60577,178.48367
8/06/2022,201.97989,194.0546,180.28488
9/06/2022,202.31119,191.90793,177.35677
10/06/2022,203.07735,189.3223,172.13354
11/06/2022,203.02551,188.50026,171.11383
12/06/2022,194.11877,179.67361,169.65025
13/06/2022,187.86432,168.63768,160.4958
14/06/2022,189.22833,170.15746,151.47563
15/06/2022,190.56183,176.26138,162.232
16/06/2022,195.09389,182.83852,177.21745
17/06/2022,190.82843,180.94691,170.48718
18/06/2022,190.13019,178.30833,166.41666
19/06/2022,196.58678,179.35735,164.13129
20/06/2022,195.7794,182.02519,170.84523
21/06/2022,196.69368,185.42691,172.24532
22/06/2022,200.3804,188.49646,173.55397
23/06/2022,195.0962,190.6341,175.62746
24/06/2022,200.70357,194.49507,177.49692
25/06/2022,204.5886,195.69397,182.94333
26/06/2022,207.01881,197.43507,182.8683
27/06/2022,197.85559,190.83395,182.69687
28/06/2022,193.36063,183.94739,178.21104
29/06/2022,196.07242,182.90704,180.32489
30/06/2022,202.01653,189.06305,180.70168
1/07/2022,203.95847,191.22852,180.82603
2/07/2022,198.1152,184.43898,180.76814
3/07/2022,195.9062,182.70074,173.71083
4/07/2022,194.12704,178.67316,158.73462
5/07/2022,193.41641,178.58163,161.03288
6/07/2022,192.54063,179.31598,162.83453
7/07/2022,191.37764,181.16365,169.00035
8/07/2022,194.63559,180.20547,172.14995
9/07/2022,192.23953,180.60713,170.2791
10/07/2022,187.88481,174.2623,161.82767
11/07/2022,184.51254,171.37103,155.50299
12/07/2022,187.63857,170.57501,159.1219
13/07/2022,193.35986,181.10606,167.2577
14/07/2022,193.12242,183.88957,168.40918
15/07/2022,194.0331,183.5331,165.3656
16/07/2022,192.83286,187.68063,168.91394
17/07/2022,204.15367,188.51903,169.59657
18/07/2022,206.84999,193.90419,183.00111
19/07/2022,205.3738,192.82428,181.77095
20/07/2022,201.0636,187.36655,175.05553
21/07/2022,198.76715,183.68399,175.36847
22/07/2022,197.17795,176.83064,181.85011
23/07/2022,195.61876,177.83931,188.12836
24/07/2022,195.6052,181.68379,188.68018
25/07/2022,193.86256,185.70683,189.66835
26/07/2022,189.39618,184.47493,188.81253
27/07/2022,190.75389,180.65,185.65894
28/07/2022,189.7717,180.08995,183.6087
29/07/2022,190.2447,181.9915,183.12376
30/07/2022,193.07974,181.26552,177.11443
31/07/2022,196.13731,186.44127,177.36783
1/08/2022,206.06479,193.40819,183.34096
2/08/2022,207.06859,196.8658,185.35112
3/08/2022,207.02275,195.30608,187.09993
4/08/2022,203.81387,192.1573,185.08742
5/08/2022,202.20532,192.86281,188.13826
6/08/2022,201.84026,196.2524,189.11641
7/08/2022,200.38646,191.38501,187.89487
8/08/2022,201.16273,187.35898,177.76346
9/08/2022,194.85788,184.17792,176.46954
10/08/2022,190.06544,179.67621,178.00386
11/08/2022,191.98279,175.12701,177.63675
12/08/2022,195.18277,182.95921,175.97664
13/08/2022,204.91187,194.10011,179.99947
14/08/2022,207.00914,196.95932,188.4557
15/08/2022,206.84181,201.48782,188.88306
16/08/2022,205.96674,199.01108,186.60167
17/08/2022,203.63701,193.72679,184.92601
18/08/2022,202.75816,189.90945,185.90288
19/08/2022,197.31818,186.93034,188.36682
20/08/2022,191.65714,185.22679,190.0628
21/08/2022,191.53822,185.44093,192.92384
22/08/2022,200.88101,195.28032,194.16634
23/08/2022,194.32507,194.16925,190.90605
24/08/2022,193.41554,190.10327,186.21272
25/08/2022,194.77365,187.27081,187.62466
26/08/2022,197.15189,190.75674,185.61891
27/08/2022,204.44623,191.10605,185.16705
28/08/2022,207.31772,192.10934,186.17133
29/08/2022,203.51639,194.66634,187.54092
30/08/2022,201.60823,195.03514,189.86981
31/08/2022,204.27954,195.2587,188.5559
1/09/2022,206.17519,198.0693,191.48082
2/09/2022,200.54124,190.68355,188.29756
3/09/2022,194.44359,186.88895,190.22237
4/09/2022,194.24251,183.90755,192.09
5/09/2022,194.13495,185.10083,187.04694
6/09/2022,194.55045,183.57852,184.85083
7/09/2022,194.54018,180.26181,173.37099
8/09/2022,194.14645,180.67456,171.99274
9/09/2022,194.94907,185.28625,180.01077
10/09/2022,196.05908,191.22331,188.26056
11/09/2022,195.965,192.51463,189.4372
12/09/2022,199.9891,192.72987,190.82838
13/09/2022,202.37251,191.64922,183.75002
14/09/2022,202.38885,189.792,177.35574
15/09/2022,200.26071,186.23479,180.81285
16/09/2022,198.18755,186.98094,188.06123
17/09/2022,198.45175,186.45624,186.25764
18/09/2022,202.55128,191.95235,190.09488
19/09/2022,203.2401,192.62129,187.2601
20/09/2022,203.91457,196.52524,185.39694
21/09/2022,202.65364,196.28941,190.7735
22/09/2022,199.3906,189.77498,195.32948
23/09/2022,197.00117,186.65457,195.15157
24/09/2022,197.93156,190.59752,196.39423
25/09/2022,197.0132,191.20033,197.60641
26/09/2022,196.79077,191.50441,198.44273
27/09/2022,197.26237,190.20705,197.30247
28/09/2022,197.39796,193.30391,198.02777
29/09/2022,193.28049,193.91022,192.7383
30/09/2022,191.11388,187.09445,183.75609
1/10/2022,191.6572,175.94395,175.91803
2/10/2022,193.80751,174.49968,174.1097
3/10/2022,194.90909,177.82176,181.41219
4/10/2022,197.9075,181.994,182.80527
5/10/2022,197.4005,185.20166,180.04265
6/10/2022,196.2851,184.97966,187.3372
7/10/2022,195.33734,185.36548,191.44962
8/10/2022,193.5939,188.20235,190.82996
9/10/2022,193.4761,186.91061,190.34953
10/10/2022,194.29016,186.6647,188.12524
11/10/2022,194.50636,186.03462,186.0829
12/10/2022,192.34167,188.64145,188.34378
13/10/2022,191.16301,190.99774,194.99757
14/10/2022,193.09338,191.07892,196.17012
15/10/2022,195.94022,190.40712,192.82625
16/10/2022,195.36546,192.40686,194.48955
17/10/2022,195.8648,191.82793,195.05585
18/10/2022,195.8538,191.57451,196.66212
19/10/2022,201.78387,197.43694,192.59412
20/10/2022,206.90573,195.97285,193.11453
21/10/2022,202.74956,190.8018,195.28831
22/10/2022,200.67952,191.44191,197.34865
23/10/2022,200.41817,192.89523,193.7499
24/10/2022,198.31932,194.3626,198.33153
25/10/2022,194.84601,194.88611,195.06754
26/10/2022,195.01025,195.1202,194.23012
27/10/2022,196.18004,197.5194,196.45905
28/10/2022,201.17795,196.93504,192.99454
29/10/2022,201.95164,194.86128,189.61784
30/10/2022,203.908,190.17499,187.09433
31/10/2022,203.2023,193.88571,190.23161
1/11/2022,205.58687,192.86482,189.39899
2/11/2022,204.7755,190.8541,183.73476
3/11/2022,204.65504,188.34245,177.09027
4/11/2022,206.18265,189.96758,179.05127
5/11/2022,206.08728,190.56282,176.5719
6/11/2022,205.88686,191.50449,179.30934
7/11/2022,206.57053,192.68321,179.69707
8/11/2022,203.86617,196.97334,177.31535
9/11/2022,202.37715,200.38593,182.50946
10/11/2022,201.51068,198.8354,184.21495
11/11/2022,200.03586,195.73854,191.8176
12/11/2022,199.26413,191.77734,190.86972
13/11/2022,197.31987,189.81702,193.21106
14/11/2022,192.46164,189.96628,197.21875
15/11/2022,198.49928,193.62021,193.35265
16/11/2022,201.97346,189.59866,189.15033
17/11/2022,199.38322,185.876,181.25174
18/11/2022,196.5258,180.05994,177.97192
19/11/2022,196.10817,182.12804,179.65268
20/11/2022,196.79388,188.17343,184.32883
21/11/2022,203.22282,195.40091,188.32503
22/11/2022,204.7502,198.21863,180.26785
23/11/2022,203.81213,193.68477,179.56915
24/11/2022,204.8607,191.8774,172.33508
25/11/2022,209.46472,191.96976,172.47855
26/11/2022,208.24413,190.69359,174.6129
27/11/2022,209.8217,191.18779,174.76085
28/11/2022,205.90022,197.30246,175.28745
29/11/2022,204.04048,196.34091,175.60101
30/11/2022,203.24844,194.89195,176.14586
1/12/2022,203.35399,196.24213,174.48886
2/12/2022,206.27614,196.91199,174.21223
3/12/2022,199.9843,192.36319,175.4505
4/12/2022,195.80464,188.05919,181.35905
5/12/2022,196.22136,189.22008,186.14104
6/12/2022,195.78922,191.35162,188.6234
7/12/2022,198.85118,192.34935,187.81607
8/12/2022,196.9565,190.96562,183.63304
9/12/2022,190.81393,183.60431,177.2607
10/12/2022,192.31375,183.18369,173.7846
11/12/2022,192.35863,183.40468,167.71146
12/12/2022,196.55188,192.08282,169.81421
13/12/2022,201.15639,195.37158,173.54785
14/12/2022,204.97389,198.2936,187.76213
15/12/2022,204.70139,189.47504,185.27542
16/12/2022,196.43335,185.2375,175.95116
17/12/2022,190.52672,181.11775,170.07709
18/12/2022,191.68779,181.29164,172.44191
19/12/2022,191.71097,180.08488,175.36354
20/12/2022,194.92682,178.88785,176.23943
21/12/2022,197.10844,187.90227,175.27226
22/12/2022,201.07301,190.33232,176.37437
23/12/2022,204.5232,192.16913,178.75877
24/12/2022,206.85104,195.52292,179.11916
25/12/2022,208.2048,194.23471,185.09125
26/12/2022,207.44568,195.38841,185.91757
27/12/2022,205.91483,198.74323,183.16481
28/12/2022,203.87447,194.938,186.41216
29/12/2022,199.95883,193.3808,187.58954
30/12/2022,200.55817,194.08865,188.98346
31/12/2022,199.92334,194.23807,189.74945
1/01/2023,198.2938,194.46902,190.40039
2/01/2023,193.58618,189.01126,195.02893
3/01/2023,194.71693,185.65587,197.01617
4/01/2023,191.91917,184.35593,200.52625
5/01/2023,189.93694,186.26762,195.08762
6/01/2023,189.46707,191.8524,189.51947
7/01/2023,191.46976,187.18446,186.28766
8/01/2023,195.36652,181.00322,183.90808
9/01/2023,197.63654,186.7599,186.21753
10/01/2023,200.55064,190.90196,186.55304
11/01/2023,201.14305,188.66516,184.40016
12/01/2023,201.1535,191.99492,182.95763
13/01/2023,199.44977,191.78867,184.83783
14/01/2023,194.92253,190.13141,187.10979
15/01/2023,197.04007,194.22566,193.00948
16/01/2023,203.6672,194.45656,190.83334
17/01/2023,206.40057,195.88255,191.37968
18/01/2023,202.82266,192.87378,187.4145
19/01/2023,199.26808,192.82076,191.30856
20/01/2023,197.12543,187.65071,191.5177
21/01/2023,197.84378,186.56699,190.40685
22/01/2023,198.66832,191.7427,192.6461
23/01/2023,197.79555,192.86662,193.86577
24/01/2023,198.02399,193.64992,191.9063
25/01/2023,197.7863,195.96918,190.50095
26/01/2023,199.32501,196.12393,193.34355
27/01/2023,203.05013,194.03773,191.50476
28/01/2023,200.53737,190.98102,192.8902
29/01/2023,196.29121,190.2164,194.7601
30/01/2023,194.80377,190.32887,189.4976
31/01/2023,201.0322,190.83955,174.98065
1/02/2023,206.56142,191.192,173.74237
2/02/2023,205.80627,192.58936,172.33276
3/02/2023,202.68503,194.1993,177.15897
4/02/2023,205.84148,195.97798,177.40628
5/02/2023,207.2026,198.41266,177.56027
6/02/2023,202.36737,196.06972,183.98799
7/02/2023,202.98164,197.03418,189.92514
8/02/2023,199.6661,192.50972,194.03233
9/02/2023,196.95993,190.95557,193.52191
10/02/2023,199.5557,189.9106,191.31479
11/02/2023,198.38255,190.43729,191.75381
12/02/2023,197.3737,186.95625,194.66136
13/02/2023,192.97636,187.49379,194.07166
14/02/2023,189.83339,187.78517,194.66666
15/02/2023,189.51637,189.39111,193.88643
16/02/2023,191.98161,188.21587,192.27626
17/02/2023,194.21716,192.00363,196.83241
18/02/2023,199.80376,196.20897,199.3603
19/02/2023,204.96603,195.41261,196.75963
20/02/2023,205.98177,195.50627,192.48882
21/02/2023,203.25116,194.45096,195.82062
22/02/2023,199.51039,188.70732,197.52277
23/02/2023,196.39401,186.39694,193.9285
24/02/2023,195.57861,186.74005,193.15326
25/02/2023,196.72328,189.339,195.2792
26/02/2023,200.09892,191.52731,187.08064
27/02/2023,203.75087,192.03143,179.28876
28/02/2023,207.55803,191.08035,178.7849
1/03/2023,206.72487,191.26633,176.39893
2/03/2023,205.2138,190.21513,176.79608
3/03/2023,206.63896,194.1622,178.5839
4/03/2023,202.26694,191.8693,179.17749
5/03/2023,197.47964,184.71822,173.28255
6/03/2023,194.61655,182.23454,188.33272
7/03/2023,195.42151,187.8775,189.19382
8/03/2023,201.3183,193.27887,193.40233
9/03/2023,203.82649,191.76431,190.94023
10/03/2023,205.45355,194.44124,194.50737
11/03/2023,200.58282,195.4645,196.28195
12/03/2023,200.02829,195.6185,198.48524
13/03/2023,196.91443,189.82954,196.51227
14/03/2023,193.82716,185.68872,195.89648
15/03/2023,194.08365,188.02168,197.71042
16/03/2023,196.46672,190.62921,197.8347
17/03/2023,198.70258,191.2545,193.49168
18/03/2023,200.09915,193.0433,187.33315
19/03/2023,203.7891,194.30551,194.05313
20/03/2023,201.26756,191.65749,194.91232
21/03/2023,199.82083,189.80455,187.62798
22/03/2023,195.87212,189.80592,186.55992
23/03/2023,197.04605,190.77588,186.72598
24/03/2023,199.85292,193.20132,185.17854
25/03/2023,201.43706,194.3797,189.17725
26/03/2023,200.81398,196.39726,192.14091
27/03/2023,200.42668,196.70708,193.54562
28/03/2023,202.813,192.97073,186.85022
29/03/2023,203.42125,192.94092,185.21786
30/03/2023,204.7851,193.19131,183.14629
31/03/2023,204.74535,193.74213,181.7836
1/04/2023,201.2377,193.09148,180.18152
2/04/2023,200.02414,191.32333,174.92642
3/04/2023,199.86267,189.49251,175.39203
4/04/2023,198.9139,190.70813,179.95088
5/04/2023,195.1227,189.01544,187.12492
6/04/2023,193.35175,189.25124,188.93726
7/04/2023,193.80234,192.048,190.18802
8/04/2023,200.38617,194.01433,192.76888
9/04/2023,198.22643,189.94875,187.97835
10/04/2023,193.84537,185.02621,178.84497
11/04/2023,190.83162,180.1224,177.7637
12/04/2023,192.06769,177.79292,166.60652
13/04/2023,191.68849,182.11443,165.26567
14/04/2023,190.3027,184.02104,167.29597
15/04/2023,193.98886,185.73882,168.75476
16/04/2023,200.1486,192.27061,173.92519
17/04/2023,198.4381,188.0571,176.12805
18/04/2023,195.24777,185.66446,173.7048
19/04/2023,192.81615,186.63673,180.41275
20/04/2023,189.13359,187.11829,187.24574
21/04/2023,189.3723,186.13045,188.83214
22/04/2023,192.5627,188.54544,188.46844
23/04/2023,195.1574,190.9779,187.1605
24/04/2023,192.22958,191.61621,188.21196
25/04/2023,192.77634,192.15114,189.42128
26/04/2023,196.14113,193.46754,188.15326
27/04/2023,196.85083,189.68245,189.54326
28/04/2023,193.97192,190.08896,195.47575
29/04/2023,191.63873,191.22134,198.32729
30/04/2023,189.81154,191.57193,197.72346
1/05/2023,188.47581,191.72092,197.77017
2/05/2023,187.04906,192.20586,198.36444
3/05/2023,196.54272,193.35266,195.28624
4/05/2023,199.03212,194.37267,190.19136
5/05/2023,198.04529,191.8967,182.28079
6/05/2023,203.56348,190.4895,180.40343
7/05/2023,201.4975,185.26505,175.80232
8/05/2023,198.9192,181.25935,168.11105
9/05/2023,192.98755,171.94238,159.56946
10/05/2023,194.17862,167.53156,160.53189
11/05/2023,192.92918,177.80098,167.79228
12/05/2023,196.95143,181.0892,171.0328
13/05/2023,200.80347,192.0278,175.28638
14/05/2023,205.73248,193.54547,179.02435
15/05/2023,209.78209,198.19098,178.87675
16/05/2023,204.98268,201.02231,185.7419
17/05/2023,198.28574,193.39531,189.46132
18/05/2023,195.1686,187.19368,186.63893
19/05/2023,193.5801,182.46523,187.18085
20/05/2023,195.5193,185.58603,187.81105
21/05/2023,194.43884,183.27173,184.3619
22/05/2023,192.29073,180.37892,169.95486
23/05/2023,194.63623,183.05685,168.65056
24/05/2023,198.49185,189.32494,175.89003
25/05/2023,199.52095,190.87921,183.74884
26/05/2023,201.1186,192.22249,177.13104
27/05/2023,199.64629,190.83029,174.67967
28/05/2023,199.67009,190.80281,180.06906
29/05/2023,200.97331,190.71799,179.09776
30/05/2023,203.61708,191.99802,176.41739
31/05/2023,207.444,193.97969,176.17743
1/06/2023,206.13617,195.65565,174.71585
2/06/2023,207.7283,199.92955,176.84668
3/06/2023,207.64536,198.88142,175.77293
4/06/2023,202.09032,196.14505,171.33345
5/06/2023,198.37419,194.21924,177.99176
6/06/2023,198.20682,191.59943,177.5442
7/06/2023,196.84108,185.74313,177.35828
8/06/2023,199.16344,191.02237,180.94559
9/06/2023,202.94244,195.99939,186.77737
10/06/2023,205.04504,196.81508,188.83405
11/06/2023,205.4143,196.61253,187.9847
12/06/2023,205.13094,197.85612,189.03592
13/06/2023,203.86081,195.63632,190.51285
14/06/2023,203.33835,198.71715,188.76395
15/06/2023,208.94263,198.45792,184.21451
16/06/2023,211.5754,196.44681,179.30458
17/06/2023,212.26445,198.8419,178.72385
18/06/2023,212.18622,201.65602,179.75336
19/06/2023,208.79321,195.89502,181.21133
20/06/2023,209.69002,194.49298,172.03543
21/06/2023,204.90866,191.90623,168.23651
22/06/2023,208.79593,191.55151,169.39607
23/06/2023,207.26904,192.49295,172.70361
24/06/2023,204.56927,194.06088,175.24316
25/06/2023,204.64098,194.51091,175.92607
26/06/2023,206.15558,194.55606,176.08841
27/06/2023,211.77742,195.11896,178.21478
28/06/2023,213.3627,195.31653,174.65935
29/06/2023,214.2549,195.33923,175.4943
30/06/2023,214.2308,193.9223,172.27441
1/07/2023,211.8444,192.42209,173.65059
2/07/2023,205.5317,191.23659,166.81718
3/07/2023,202.75137,188.56342,162.39896
4/07/2023,200.69371,189.71481,155.6248
5/07/2023,199.21417,190.42044,160.95288
6/07/2023,204.85487,193.5196,169.788
7/07/2023,205.45891,193.5313,174.48051
8/07/2023,205.36057,193.85951,175.32777
9/07/2023,206.37001,195.06499,174.05934
10/07/2023,206.86266,195.7378,172.56053
11/07/2023,215.91582,194.97623,171.33215
12/07/2023,214.87483,195.86388,170.2114
13/07/2023,208.57338,197.14064,175.81093
14/07/2023,207.69983,197.53983,180.3544
15/07/2023,212.07928,201.00565,176.31064
16/07/2023,214.22787,198.51851,176.34308
17/07/2023,213.29143,197.50464,176.48752
18/07/2023,208.35965,197.36009,177.75279
19/07/2023,202.35098,194.51384,178.38033
20/07/2023,193.85431,187.55045,171.42987
21/07/2023,186.05159,182.3591,169.6435
22/07/2023,190.17812,177.04518,175.42264
23/07/2023,189.70454,176.4821,184.21597
24/07/2023,189.8244,178.6926,186.02936
25/07/2023,195.4813,193.45474,182.48465
26/07/2023,201.64963,195.47156,178.17091
27/07/2023,208.31761,199.34808,176.60329
28/07/2023,205.1674,196.41075,182.8323
29/07/2023,208.6245,196.1254,175.57831
30/07/2023,207.85492,195.69423,175.06941
31/07/2023,207.07635,195.7188,174.99565
1/08/2023,206.45685,193.20967,177.41354
2/08/2023,206.93767,190.25931,173.55992
3/08/2023,202.28017,191.53482,170.92262
4/08/2023,201.41455,194.33516,174.3468
5/08/2023,199.63739,192.69296,175.9178
6/08/2023,201.81563,192.04921,177.34375
7/08/2023,202.54619,191.28458,180.39888
8/08/2023,202.75366,193.38821,183.0661
9/08/2023,200.74052,195.19527,184.13048
10/08/2023,201.54446,196.69344,186.00858
11/08/2023,201.5351,197.54547,181.73578
12/08/2023,201.71606,197.14731,177.04015
13/08/2023,203.2066,197.59656,177.92346
14/08/2023,201.98773,195.83167,177.8622
15/08/2023,202.79892,193.98349,173.6111
16/08/2023,201.49191,193.11641,170.61469
17/08/2023,202.6699,194.28502,172.16698
18/08/2023,204.35558,193.25333,174.2433
19/08/2023,206.19702,192.60913,171.06703
20/08/2023,206.2029,190.20235,170.97234
21/08/2023,207.37686,190.88278,171.32455
22/08/2023,207.53807,194.19144,173.96718
23/08/2023,207.15582,193.63261,175.72502
24/08/2023,207.80568,192.74557,174.53366
25/08/2023,208.73802,194.45604,173.8153
26/08/2023,208.97142,193.131,175.00642
27/08/2023,205.20251,193.23973,179.44427
28/08/2023,203.56937,193.60147,179.23178
29/08/2023,202.27419,191.22214,178.9568
30/08/2023,204.58348,197.61536,179.10893
31/08/2023,203.50653,197.97636,179.131
1/09/2023,200.28879,187.69127,172.74948
2/09/2023,197.14055,183.48804,162.41315
3/09/2023,195.41025,187.59827,155.65717
4/09/2023,195.93661,184.6419,160.76056
5/09/2023,198.59908,189.75685,167.23781
6/09/2023,200.67793,192.11563,171.31313
7/09/2023,197.51761,192.18472,187.22234
8/09/2023,195.84566,193.5582,190.09438
9/09/2023,202.32224,196.4403,189.87393
10/09/2023,204.04887,193.00354,189.03383
11/09/2023,204.99463,191.68376,184.78214
12/09/2023,205.56339,191.67139,182.4424
13/09/2023,203.24689,190.16422,175.53122
14/09/2023,201.67357,189.86444,176.58641
15/09/2023,200.33908,191.35333,180.41238
16/09/2023,199.06538,193.89696,183.05365
17/09/2023,201.79039,196.96844,184.14214
18/09/2023,200.46733,200.04688,187.57634
19/09/2023,198.89397,200.0724,186.50192
20/09/2023,194.76744,196.88647,189.82849
21/09/2023,196.30411,192.70213,192.95515
22/09/2023,195.33252,191.4334,188.85657
23/09/2023,198.30312,189.91574,186.81549
24/09/2023,200.6857,189.52641,185.62238
25/09/2023,202.67961,191.29408,185.2097
26/09/2023,203.16846,193.80052,185.36385
27/09/2023,200.65549,194.68918,185.55487
28/09/2023,197.80164,194.6693,184.00471
29/09/2023,199.36287,195.91342,182.47372
30/09/2023,203.32481,196.9772,182.815
1/10/2023,203.05885,193.66034,185.90898
2/10/2023,196.38133,193.80716,187.19696
3/10/2023,192.42743,191.23338,186.7659
4/10/2023,195.39299,190.12852,191.37383
5/10/2023,197.22371,188.26991,190.68332
6/10/2023,198.34177,188.77667,188.0073
7/10/2023,195.48254,189.39845,186.5732
8/10/2023,196.25981,188.71396,183.12468
9/10/2023,195.92776,191.6358,179.98393
10/10/2023,202.41946,190.90735,180.77771
11/10/2023,203.79692,190.87254,180.14197
12/10/2023,203.90034,190.56953,178.69896
13/10/2023,202.83131,193.34459,178.4108
14/10/2023,203.29521,192.75215,174.63959
15/10/2023,204.45192,192.7709,179.28839
16/10/2023,204.06033,191.84639,171.05957
17/10/2023,199.61324,182.38292,162.76665
18/10/2023,199.62474,180.34698,154.70872
19/10/2023,197.11133,183.47919,164.05826
20/10/2023,198.66872,190.11295,168.77344
21/10/2023,197.48273,188.37247,186.85048
22/10/2023,195.79135,186.85498,190.24179
23/10/2023,196.74757,190.93889,185.8395
24/10/2023,203.66324,195.62376,189.17352
25/10/2023,205.91913,192.95476,188.38605
26/10/2023,201.03398,188.40787,185.53749
27/10/2023,197.219,186.3519,184.45995
28/10/2023,195.64842,177.97916,178.39813
29/10/2023,192.17441,174.5945,183.90019
30/10/2023,191.74089,180.41527,186.99562
31/10/2023,191.71608,183.54945,186.30473
1/11/2023,191.53267,186.95184,186.44064
2/11/2023,195.90633,192.7776,186.52211
3/11/2023,200.16719,192.7713,183.84596
4/11/2023,201.65172,191.28993,180.82747
5/11/2023,203.28229,192.47461,186.29697
6/11/2023,206.13057,191.07372,185.68532
7/11/2023,206.90561,194.57607,185.0614
8/11/2023,203.6447,194.22032,188.94565
9/11/2023,200.93407,195.59467,191.84132
10/11/2023,198.47011,191.86852,197.87912
11/11/2023,196.30574,192.92944,202.28947
12/11/2023,197.23024,194.78307,199.26743
13/11/2023,197.98534,195.65463,194.6958
14/11/2023,203.88461,196.43137,190.86995
15/11/2023,200.64807,191.64453,189.02052
16/11/2023,200.78221,191.4082,185.20212
17/11/2023,201.10252,191.72858,184.82204
18/11/2023,204.03806,192.60776,186.36134
19/11/2023,200.37228,188.92087,185.24985
20/11/2023,194.67348,187.12402,191.16608
21/11/2023,194.24721,191.03961,194.32898
22/11/2023,198.33157,194.93347,194.74321
23/11/2023,199.03773,197.4583,195.57098
24/11/2023,198.267,196.45996,194.10564
25/11/2023,200.09503,197.72197,192.8173
26/11/2023,203.58205,197.57918,193.3594
27/11/2023,203.67535,197.5348,189.0802
28/11/2023,200.18254,189.67798,190.5635
29/11/2023,195.43474,188.9579,192.73296
30/11/2023,194.36507,191.597,194.31915
1/12/2023,195.81856,190.95393,194.97523
2/12/2023,196.79858,191.68301,190.43044
3/12/2023,197.76852,192.20071,188.7194
4/12/2023,200.09268,194.08882,187.57152
5/12/2023,202.55052,192.90344,186.56357
6/12/2023,206.90771,194.01027,190.9145
7/12/2023,207.36427,193.89124,183.23691
8/12/2023,208.80804,195.4931,184.51231
9/12/2023,201.46567,195.07466,187.42754
10/12/2023,200.25485,197.32849,189.9194
11/12/2023,201.30353,197.50018,189.35245
12/12/2023,198.48662,191.85811,184.34038
13/12/2023,198.26651,189.39117,182.88919
14/12/2023,195.80751,189.93378,190.91827
15/12/2023,191.57707,191.46632,193.48813
16/12/2023,198.14832,192.29637,191.02248
17/12/2023,197.53844,192.21812,190.07906
18/12/2023,203.80873,193.74393,191.42845
19/12/2023,202.03409,194.84709,192.17113
20/12/2023,200.98567,197.9182,196.4398
21/12/2023,197.43944,190.86966,191.63533
22/12/2023,194.85455,183.94362,181.77296
23/12/2023,196.30046,183.95341,181.69049
24/12/2023,197.48654,189.13977,185.05269
25/12/2023,197.08614,191.29788,190.39284
26/12/2023,194.03273,190.64145,192.94193
27/12/2023,194.43623,195.20943,194.7427
28/12/2023,202.46712,196.15948,191.6364
29/12/2023,206.07542,196.07927,191.58293
30/12/2023,202.92635,194.3001,193.78111
31/12/2023,201.22214,196.06499,197.05243
